iso3,country,region,income_group,year,unit,fold,model,y,pred,abs_error,signed_error
ASM,American Samoa,E. Asia & Pacific,High income,2013,PT_POP,1,dummy_mean,100.0,71.04127497652185,28.958725023478152,-28.958725023478152
AUS,Australia,E. Asia & Pacific,High income,2018,PT_POP,1,dummy_mean,98.0,71.04127497652185,26.958725023478152,-26.958725023478152
FSM,"Micronesia, Fed. Sts.",E. Asia & Pacific,Upper middle income,2023,PT_MSW,1,dummy_mean,35.510000000000005,71.04127497652185,35.53127497652184,35.53127497652184
GUM,Guam,E. Asia & Pacific,High income,2014,PT_POP,1,dummy_mean,100.0,71.04127497652185,28.958725023478152,-28.958725023478152
HKG,"Hong Kong SAR, China",E. Asia & Pacific,High income,2013,PT_POP,1,dummy_mean,100.0,71.04127497652185,28.958725023478152,-28.958725023478152
IDN,Indonesia,E. Asia & Pacific,Upper middle income,2023,PT_MSW,1,dummy_mean,62.53,71.04127497652185,8.511274976521847,8.511274976521847
JPN,Japan,E. Asia & Pacific,High income,2022,PT_MSW,1,dummy_mean,99.99,71.04127497652185,28.948725023478147,-28.948725023478147
KHM,Cambodia,E. Asia & Pacific,Lower middle income,2021,PT_MSW,1,dummy_mean,54.0,71.04127497652185,17.041274976521848,17.041274976521848
KIR,Kiribati,E. Asia & Pacific,Lower middle income,2021,PT_MSW,1,dummy_mean,53.06999999999999,71.04127497652185,17.971274976521855,17.971274976521855
KOR,"Korea, Rep.",E. Asia & Pacific,High income,2022,PT_POP,1,dummy_mean,99.9734745102489,71.04127497652185,28.932199533727058,-28.932199533727058
LAO,Lao PDR,E. Asia & Pacific,Lower middle income,2020,PT_MSW,1,dummy_mean,55.00000000000001,71.04127497652185,16.04127497652184,16.04127497652184
MAC,"Macao SAR, China",E. Asia & Pacific,High income,2009,PT_POP,1,dummy_mean,100.0,71.04127497652185,28.958725023478152,-28.958725023478152
MHL,Marshall Islands,E. Asia & Pacific,Upper middle income,2021,PT_POP,1,dummy_mean,82.69999999999999,71.04127497652185,11.65872502347814,-11.65872502347814
MMR,Myanmar,E. Asia & Pacific,Lower middle income,2019,PT_MSW,1,dummy_mean,83.0,71.04127497652185,11.958725023478152,-11.958725023478152
MNG,Mongolia,E. Asia & Pacific,Upper middle income,2019,PT_MSW,1,dummy_mean,88.01390819103851,71.04127497652185,16.972633214516662,-16.972633214516662
NCL,New Caledonia,E. Asia & Pacific,High income,2014,PT_POP,1,dummy_mean,67.0,71.04127497652185,4.041274976521848,4.041274976521848
NRU,Nauru,E. Asia & Pacific,High income,2020,PT_MSW,1,dummy_mean,86.0,71.04127497652185,14.958725023478152,-14.958725023478152
NZL,New Zealand,E. Asia & Pacific,High income,2022,PT_MSW,1,dummy_mean,100.0,71.04127497652185,28.958725023478152,-28.958725023478152
PHL,Philippines,E. Asia & Pacific,Upper middle income,2025,PT_MSW,1,dummy_mean,54.98,71.04127497652185,16.06127497652185,16.06127497652185
PLW,Palau,E. Asia & Pacific,High income,2017,PT_MSW,1,dummy_mean,90.8,71.04127497652185,19.75872502347815,-19.75872502347815
PNG,Papua New Guinea,E. Asia & Pacific,Lower middle income,2021,PT_MSW,1,dummy_mean,12.33,71.04127497652185,58.71127497652185,58.71127497652185
PYF,French Polynesia,E. Asia & Pacific,High income,2015,PT_POP,1,dummy_mean,76.0,71.04127497652185,4.958725023478152,-4.958725023478152
SGP,Singapore,E. Asia & Pacific,High income,2021,PT_MSW,1,dummy_mean,100.0,71.04127497652185,28.958725023478152,-28.958725023478152
SLB,Solomon Islands,E. Asia & Pacific,Lower middle income,2014,PT_POP,1,dummy_mean,12.0,71.04127497652185,59.04127497652185,59.04127497652185
THA,Thailand,E. Asia & Pacific,Upper middle income,2023,PT_MSW,1,dummy_mean,72.28200371057511,71.04127497652185,1.2407287340532633,-1.2407287340532633
TON,Tonga,E. Asia & Pacific,Upper middle income,2021,PT_MSW,1,dummy_mean,90.54,71.04127497652185,19.49872502347816,-19.49872502347816
TUV,Tuvalu,E. Asia & Pacific,Upper middle income,2019,PT_MSW,1,dummy_mean,94.69,71.04127497652185,23.64872502347815,-23.64872502347815
VNM,Viet Nam,E. Asia & Pacific,Upper middle income,2019,PT_POP,1,dummy_mean,75.0,71.04127497652185,3.958725023478152,-3.958725023478152
VUT,Vanuatu,E. Asia & Pacific,Lower middle income,2020,PT_MSW,1,dummy_mean,41.89,71.04127497652185,29.151274976521847,29.151274976521847
WSM,Samoa,E. Asia & Pacific,Upper middle income,2017,PT_MSW,1,dummy_mean,29.56,71.04127497652185,41.481274976521846,41.481274976521846
ASM,American Samoa,E. Asia & Pacific,High income,2013,PT_POP,1,linear,100.0,85.00826827527227,14.991731724727728,-14.991731724727728
AUS,Australia,E. Asia & Pacific,High income,2018,PT_POP,1,linear,98.0,96.82640323800388,1.173596761996123,-1.173596761996123
FSM,"Micronesia, Fed. Sts.",E. Asia & Pacific,Upper middle income,2023,PT_MSW,1,linear,35.510000000000005,45.25264594142169,9.742645941421685,9.742645941421685
GUM,Guam,E. Asia & Pacific,High income,2014,PT_POP,1,linear,100.0,85.48214806080736,14.517851939192639,-14.517851939192639
HKG,"Hong Kong SAR, China",E. Asia & Pacific,High income,2013,PT_POP,1,linear,100.0,100.0,0.0,0.0
IDN,Indonesia,E. Asia & Pacific,Upper middle income,2023,PT_MSW,1,linear,62.53,68.16225715473416,5.632257154734162,5.632257154734162
JPN,Japan,E. Asia & Pacific,High income,2022,PT_MSW,1,linear,99.99,100.0,0.010000000000005116,0.010000000000005116
KHM,Cambodia,E. Asia & Pacific,Lower middle income,2021,PT_MSW,1,linear,54.0,51.284538539309075,2.715461460690925,-2.715461460690925
KIR,Kiribati,E. Asia & Pacific,Lower middle income,2021,PT_MSW,1,linear,53.06999999999999,46.47892560361312,6.5910743963868725,-6.5910743963868725
KOR,"Korea, Rep.",E. Asia & Pacific,High income,2022,PT_POP,1,linear,99.9734745102489,100.0,0.026525489751094256,0.026525489751094256
LAO,Lao PDR,E. Asia & Pacific,Lower middle income,2020,PT_MSW,1,linear,55.00000000000001,54.39518804194425,0.6048119580557554,-0.6048119580557554
MAC,"Macao SAR, China",E. Asia & Pacific,High income,2009,PT_POP,1,linear,100.0,100.0,0.0,0.0
MHL,Marshall Islands,E. Asia & Pacific,Upper middle income,2021,PT_POP,1,linear,82.69999999999999,67.62872543932505,15.071274560674937,-15.071274560674937
MMR,Myanmar,E. Asia & Pacific,Lower middle income,2019,PT_MSW,1,linear,83.0,49.064832418911195,33.935167581088805,-33.935167581088805
MNG,Mongolia,E. Asia & Pacific,Upper middle income,2019,PT_MSW,1,linear,88.01390819103851,69.23537553104188,18.77853265999663,-18.77853265999663
NCL,New Caledonia,E. Asia & Pacific,High income,2014,PT_POP,1,linear,67.0,74.28528840939707,7.285288409397069,7.285288409397069
NRU,Nauru,E. Asia & Pacific,High income,2020,PT_MSW,1,linear,86.0,84.95093971494494,1.049060285055063,-1.049060285055063
NZL,New Zealand,E. Asia & Pacific,High income,2022,PT_MSW,1,linear,100.0,98.34307990618848,1.6569200938115216,-1.6569200938115216
PHL,Philippines,E. Asia & Pacific,Upper middle income,2025,PT_MSW,1,linear,54.98,62.363387777283826,7.383387777283829,7.383387777283829
PLW,Palau,E. Asia & Pacific,High income,2017,PT_MSW,1,linear,90.8,86.68489391746263,4.115106082537366,-4.115106082537366
PNG,Papua New Guinea,E. Asia & Pacific,Lower middle income,2021,PT_MSW,1,linear,12.33,35.64372446771736,23.313724467717364,23.313724467717364
PYF,French Polynesia,E. Asia & Pacific,High income,2015,PT_POP,1,linear,76.0,76.76752999279655,0.767529992796554,0.767529992796554
SGP,Singapore,E. Asia & Pacific,High income,2021,PT_MSW,1,linear,100.0,100.0,0.0,0.0
SLB,Solomon Islands,E. Asia & Pacific,Lower middle income,2014,PT_POP,1,linear,12.0,32.474221700849284,20.474221700849284,20.474221700849284
THA,Thailand,E. Asia & Pacific,Upper middle income,2023,PT_MSW,1,linear,72.28200371057511,78.5368196087798,6.254815898204683,6.254815898204683
TON,Tonga,E. Asia & Pacific,Upper middle income,2021,PT_MSW,1,linear,90.54,56.759973774868165,33.78002622513184,-33.78002622513184
TUV,Tuvalu,E. Asia & Pacific,Upper middle income,2019,PT_MSW,1,linear,94.69,63.187416766982956,31.50258323301704,-31.50258323301704
VNM,Viet Nam,E. Asia & Pacific,Upper middle income,2019,PT_POP,1,linear,75.0,63.37683994752808,11.623160052471917,-11.623160052471917
VUT,Vanuatu,E. Asia & Pacific,Lower middle income,2020,PT_MSW,1,linear,41.89,39.44705248804044,2.4429475119595594,-2.4429475119595594
WSM,Samoa,E. Asia & Pacific,Upper middle income,2017,PT_MSW,1,linear,29.56,54.211216926288444,24.651216926288445,24.651216926288445
ASM,American Samoa,E. Asia & Pacific,High income,2013,PT_POP,1,ridge,100.0,85.2448610985517,14.755138901448305,-14.755138901448305
AUS,Australia,E. Asia & Pacific,High income,2018,PT_POP,1,ridge,98.0,96.62480219405346,1.3751978059465415,-1.3751978059465415
FSM,"Micronesia, Fed. Sts.",E. Asia & Pacific,Upper middle income,2023,PT_MSW,1,ridge,35.510000000000005,45.47213922909462,9.962139229094618,9.962139229094618
GUM,Guam,E. Asia & Pacific,High income,2014,PT_POP,1,ridge,100.0,85.73477648594958,14.265223514050419,-14.265223514050419
HKG,"Hong Kong SAR, China",E. Asia & Pacific,High income,2013,PT_POP,1,ridge,100.0,100.0,0.0,0.0
IDN,Indonesia,E. Asia & Pacific,Upper middle income,2023,PT_MSW,1,ridge,62.53,68.02513028275136,5.4951302827513615,5.4951302827513615
JPN,Japan,E. Asia & Pacific,High income,2022,PT_MSW,1,ridge,99.99,100.0,0.010000000000005116,0.010000000000005116
KHM,Cambodia,E. Asia & Pacific,Lower middle income,2021,PT_MSW,1,ridge,54.0,51.34482823280308,2.6551717671969186,-2.6551717671969186
KIR,Kiribati,E. Asia & Pacific,Lower middle income,2021,PT_MSW,1,ridge,53.06999999999999,46.9766743658343,6.093325634165694,-6.093325634165694
KOR,"Korea, Rep.",E. Asia & Pacific,High income,2022,PT_POP,1,ridge,99.9734745102489,100.0,0.026525489751094256,0.026525489751094256
LAO,Lao PDR,E. Asia & Pacific,Lower middle income,2020,PT_MSW,1,ridge,55.00000000000001,54.41489782057444,0.5851021794255686,-0.5851021794255686
MAC,"Macao SAR, China",E. Asia & Pacific,High income,2009,PT_POP,1,ridge,100.0,100.0,0.0,0.0
MHL,Marshall Islands,E. Asia & Pacific,Upper middle income,2021,PT_POP,1,ridge,82.69999999999999,68.04333158770518,14.656668412294806,-14.656668412294806
MMR,Myanmar,E. Asia & Pacific,Lower middle income,2019,PT_MSW,1,ridge,83.0,49.02305291425944,33.97694708574056,-33.97694708574056
MNG,Mongolia,E. Asia & Pacific,Upper middle income,2019,PT_MSW,1,ridge,88.01390819103851,69.32902068794988,18.684887503088632,-18.684887503088632
NCL,New Caledonia,E. Asia & Pacific,High income,2014,PT_POP,1,ridge,67.0,74.42215539845984,7.422155398459836,7.422155398459836
NRU,Nauru,E. Asia & Pacific,High income,2020,PT_MSW,1,ridge,86.0,85.37847976673152,0.6215202332684839,-0.6215202332684839
NZL,New Zealand,E. Asia & Pacific,High income,2022,PT_MSW,1,ridge,100.0,98.17451458135965,1.8254854186403549,-1.8254854186403549
PHL,Philippines,E. Asia & Pacific,Upper middle income,2025,PT_MSW,1,ridge,54.98,62.3181981553638,7.338198155363806,7.338198155363806
PLW,Palau,E. Asia & Pacific,High income,2017,PT_MSW,1,ridge,90.8,86.88916763057577,3.9108323694242273,-3.9108323694242273
PNG,Papua New Guinea,E. Asia & Pacific,Lower middle income,2021,PT_MSW,1,ridge,12.33,35.7168675793485,23.386867579348504,23.386867579348504
PYF,French Polynesia,E. Asia & Pacific,High income,2015,PT_POP,1,ridge,76.0,76.842576664493,0.8425766644929951,0.8425766644929951
SGP,Singapore,E. Asia & Pacific,High income,2021,PT_MSW,1,ridge,100.0,100.0,0.0,0.0
SLB,Solomon Islands,E. Asia & Pacific,Lower middle income,2014,PT_POP,1,ridge,12.0,32.778654130659866,20.778654130659866,20.778654130659866
THA,Thailand,E. Asia & Pacific,Upper middle income,2023,PT_MSW,1,ridge,72.28200371057511,78.3440817957922,6.062078085217095,6.062078085217095
TON,Tonga,E. Asia & Pacific,Upper middle income,2021,PT_MSW,1,ridge,90.54,56.81972445096402,33.72027554903599,-33.72027554903599
TUV,Tuvalu,E. Asia & Pacific,Upper middle income,2019,PT_MSW,1,ridge,94.69,63.59104927076332,31.098950729236677,-31.098950729236677
VNM,Viet Nam,E. Asia & Pacific,Upper middle income,2019,PT_POP,1,ridge,75.0,63.16489476865403,11.83510523134597,-11.83510523134597
VUT,Vanuatu,E. Asia & Pacific,Lower middle income,2020,PT_MSW,1,ridge,41.89,39.68781214079621,2.2021878592037893,-2.2021878592037893
WSM,Samoa,E. Asia & Pacific,Upper middle income,2017,PT_MSW,1,ridge,29.56,54.25243063002806,24.69243063002806,24.69243063002806
ASM,American Samoa,E. Asia & Pacific,High income,2013,PT_POP,1,random_forest,100.0,93.5283776733303,6.471622326669703,-6.471622326669703
AUS,Australia,E. Asia & Pacific,High income,2018,PT_POP,1,random_forest,98.0,93.71205429562474,4.287945704375261,-4.287945704375261
FSM,"Micronesia, Fed. Sts.",E. Asia & Pacific,Upper middle income,2023,PT_MSW,1,random_forest,35.510000000000005,44.54489801434959,9.034898014349587,9.034898014349587
GUM,Guam,E. Asia & Pacific,High income,2014,PT_POP,1,random_forest,100.0,94.2730762976757,5.726923702324299,-5.726923702324299
HKG,"Hong Kong SAR, China",E. Asia & Pacific,High income,2013,PT_POP,1,random_forest,100.0,99.44888428571431,0.551115714285686,-0.551115714285686
IDN,Indonesia,E. Asia & Pacific,Upper middle income,2023,PT_MSW,1,random_forest,62.53,59.417562392402836,3.1124376075971654,-3.1124376075971654
JPN,Japan,E. Asia & Pacific,High income,2022,PT_MSW,1,random_forest,99.99,97.1463798523022,2.8436201476977914,-2.8436201476977914
KHM,Cambodia,E. Asia & Pacific,Lower middle income,2021,PT_MSW,1,random_forest,54.0,47.4874277367601,6.512572263239903,-6.512572263239903
KIR,Kiribati,E. Asia & Pacific,Lower middle income,2021,PT_MSW,1,random_forest,53.06999999999999,44.724889121680775,8.345110878319218,-8.345110878319218
KOR,"Korea, Rep.",E. Asia & Pacific,High income,2022,PT_POP,1,random_forest,99.9734745102489,96.63191975706413,3.3415547531847807,-3.3415547531847807
LAO,Lao PDR,E. Asia & Pacific,Lower middle income,2020,PT_MSW,1,random_forest,55.00000000000001,51.42808988559851,3.571910114401497,-3.571910114401497
MAC,"Macao SAR, China",E. Asia & Pacific,High income,2009,PT_POP,1,random_forest,100.0,99.75088000000002,0.24911999999997647,-0.24911999999997647
MHL,Marshall Islands,E. Asia & Pacific,Upper middle income,2021,PT_POP,1,random_forest,82.69999999999999,66.76836558052209,15.931634419477902,-15.931634419477902
MMR,Myanmar,E. Asia & Pacific,Lower middle income,2019,PT_MSW,1,random_forest,83.0,51.93991038936677,31.060089610633227,-31.060089610633227
MNG,Mongolia,E. Asia & Pacific,Upper middle income,2019,PT_MSW,1,random_forest,88.01390819103851,74.94578999704184,13.068118193996668,-13.068118193996668
NCL,New Caledonia,E. Asia & Pacific,High income,2014,PT_POP,1,random_forest,67.0,79.54697759147838,12.546977591478381,12.546977591478381
NRU,Nauru,E. Asia & Pacific,High income,2020,PT_MSW,1,random_forest,86.0,83.59836015021031,2.4016398497896887,-2.4016398497896887
NZL,New Zealand,E. Asia & Pacific,High income,2022,PT_MSW,1,random_forest,100.0,97.36189808000404,2.638101919995961,-2.638101919995961
PHL,Philippines,E. Asia & Pacific,Upper middle income,2025,PT_MSW,1,random_forest,54.98,61.65992266062892,6.679922660628925,6.679922660628925
PLW,Palau,E. Asia & Pacific,High income,2017,PT_MSW,1,random_forest,90.8,89.0041547227815,1.795845277218504,-1.795845277218504
PNG,Papua New Guinea,E. Asia & Pacific,Lower middle income,2021,PT_MSW,1,random_forest,12.33,34.50831162213518,22.178311622135183,22.178311622135183
PYF,French Polynesia,E. Asia & Pacific,High income,2015,PT_POP,1,random_forest,76.0,86.2620759962163,10.262075996216296,10.262075996216296
SGP,Singapore,E. Asia & Pacific,High income,2021,PT_MSW,1,random_forest,100.0,99.60587952380953,0.39412047619046575,-0.39412047619046575
SLB,Solomon Islands,E. Asia & Pacific,Lower middle income,2014,PT_POP,1,random_forest,12.0,29.975693694321695,17.975693694321695,17.975693694321695
THA,Thailand,E. Asia & Pacific,Upper middle income,2023,PT_MSW,1,random_forest,72.28200371057511,77.9042225383525,5.622218827777388,5.622218827777388
TON,Tonga,E. Asia & Pacific,Upper middle income,2021,PT_MSW,1,random_forest,90.54,60.03752457223617,30.502475427763834,-30.502475427763834
TUV,Tuvalu,E. Asia & Pacific,Upper middle income,2019,PT_MSW,1,random_forest,94.69,56.039872283448624,38.650127716551374,-38.650127716551374
VNM,Viet Nam,E. Asia & Pacific,Upper middle income,2019,PT_POP,1,random_forest,75.0,60.312914032113575,14.687085967886425,-14.687085967886425
VUT,Vanuatu,E. Asia & Pacific,Lower middle income,2020,PT_MSW,1,random_forest,41.89,39.06705041051367,2.8229495894863277,-2.8229495894863277
WSM,Samoa,E. Asia & Pacific,Upper middle income,2017,PT_MSW,1,random_forest,29.56,57.538836399324126,27.978836399324127,27.978836399324127
ASM,American Samoa,E. Asia & Pacific,High income,2013,PT_POP,1,hist_gbr,100.0,95.70895003434826,4.291049965651737,-4.291049965651737
AUS,Australia,E. Asia & Pacific,High income,2018,PT_POP,1,hist_gbr,98.0,96.12273324699896,1.877266753001038,-1.877266753001038
FSM,"Micronesia, Fed. Sts.",E. Asia & Pacific,Upper middle income,2023,PT_MSW,1,hist_gbr,35.510000000000005,39.49049691528159,3.9804969152815843,3.9804969152815843
GUM,Guam,E. Asia & Pacific,High income,2014,PT_POP,1,hist_gbr,100.0,95.70895003434826,4.291049965651737,-4.291049965651737
HKG,"Hong Kong SAR, China",E. Asia & Pacific,High income,2013,PT_POP,1,hist_gbr,100.0,100.0,0.0,0.0
IDN,Indonesia,E. Asia & Pacific,Upper middle income,2023,PT_MSW,1,hist_gbr,62.53,60.52735224517075,2.0026477548292476,-2.0026477548292476
JPN,Japan,E. Asia & Pacific,High income,2022,PT_MSW,1,hist_gbr,99.99,100.0,0.010000000000005116,0.010000000000005116
KHM,Cambodia,E. Asia & Pacific,Lower middle income,2021,PT_MSW,1,hist_gbr,54.0,41.9955508498248,12.004449150175198,-12.004449150175198
KIR,Kiribati,E. Asia & Pacific,Lower middle income,2021,PT_MSW,1,hist_gbr,53.06999999999999,40.298189358610266,12.771810641389727,-12.771810641389727
KOR,"Korea, Rep.",E. Asia & Pacific,High income,2022,PT_POP,1,hist_gbr,99.9734745102489,100.0,0.026525489751094256,0.026525489751094256
LAO,Lao PDR,E. Asia & Pacific,Lower middle income,2020,PT_MSW,1,hist_gbr,55.00000000000001,40.042377257104484,14.957622742895524,-14.957622742895524
MAC,"Macao SAR, China",E. Asia & Pacific,High income,2009,PT_POP,1,hist_gbr,100.0,100.0,0.0,0.0
MHL,Marshall Islands,E. Asia & Pacific,Upper middle income,2021,PT_POP,1,hist_gbr,82.69999999999999,60.63649610559026,22.063503894409727,-22.063503894409727
MMR,Myanmar,E. Asia & Pacific,Lower middle income,2019,PT_MSW,1,hist_gbr,83.0,55.31712964936223,27.68287035063777,-27.68287035063777
MNG,Mongolia,E. Asia & Pacific,Upper middle income,2019,PT_MSW,1,hist_gbr,88.01390819103851,76.02225520224903,11.991652988789482,-11.991652988789482
NCL,New Caledonia,E. Asia & Pacific,High income,2014,PT_POP,1,hist_gbr,67.0,78.21566812153206,11.215668121532062,11.215668121532062
NRU,Nauru,E. Asia & Pacific,High income,2020,PT_MSW,1,hist_gbr,86.0,79.45797372542897,6.542026274571029,-6.542026274571029
NZL,New Zealand,E. Asia & Pacific,High income,2022,PT_MSW,1,hist_gbr,100.0,92.98545293271289,7.014547067287111,-7.014547067287111
PHL,Philippines,E. Asia & Pacific,Upper middle income,2025,PT_MSW,1,hist_gbr,54.98,60.845529110029766,5.865529110029769,5.865529110029769
PLW,Palau,E. Asia & Pacific,High income,2017,PT_MSW,1,hist_gbr,90.8,87.6706371467173,3.1293628532827,-3.1293628532827
PNG,Papua New Guinea,E. Asia & Pacific,Lower middle income,2021,PT_MSW,1,hist_gbr,12.33,20.653689038631683,8.323689038631683,8.323689038631683
PYF,French Polynesia,E. Asia & Pacific,High income,2015,PT_POP,1,hist_gbr,76.0,92.85761110899715,16.857611108997148,16.857611108997148
SGP,Singapore,E. Asia & Pacific,High income,2021,PT_MSW,1,hist_gbr,100.0,100.0,0.0,0.0
SLB,Solomon Islands,E. Asia & Pacific,Lower middle income,2014,PT_POP,1,hist_gbr,12.0,36.26414473818821,24.264144738188207,24.264144738188207
THA,Thailand,E. Asia & Pacific,Upper middle income,2023,PT_MSW,1,hist_gbr,72.28200371057511,72.33831091071039,0.056307200135279345,0.056307200135279345
TON,Tonga,E. Asia & Pacific,Upper middle income,2021,PT_MSW,1,hist_gbr,90.54,67.05953138805164,23.480468611948368,-23.480468611948368
TUV,Tuvalu,E. Asia & Pacific,Upper middle income,2019,PT_MSW,1,hist_gbr,94.69,60.829732219702585,33.86026778029741,-33.86026778029741
VNM,Viet Nam,E. Asia & Pacific,Upper middle income,2019,PT_POP,1,hist_gbr,75.0,63.97221208035274,11.02778791964726,-11.02778791964726
VUT,Vanuatu,E. Asia & Pacific,Lower middle income,2020,PT_MSW,1,hist_gbr,41.89,39.45331704837616,2.436682951623844,-2.436682951623844
WSM,Samoa,E. Asia & Pacific,Upper middle income,2017,PT_MSW,1,hist_gbr,29.56,63.508892626217566,33.94889262621757,33.94889262621757
ALB,Albania,Eur. & Cent. Asia,Upper middle income,2022,PT_POP,2,dummy_mean,89.2,67.70342196371429,21.49657803628571,-21.49657803628571
AND,Andorra,Eur. & Cent. Asia,High income,2021,PT_POP,2,dummy_mean,100.0,67.70342196371429,32.29657803628571,-32.29657803628571
ARM,Armenia,Eur. & Cent. Asia,Upper middle income,2021,PT_POP,2,dummy_mean,96.3,67.70342196371429,28.596578036285706,-28.596578036285706
AZE,Azerbaijan,Eur. & Cent. Asia,Upper middle income,2020,PT_MSW,2,dummy_mean,68.0,67.70342196371429,0.2965780362857089,-0.2965780362857089
BGR,Bulgaria,Eur. & Cent. Asia,High income,2018,PT_POP,2,dummy_mean,99.8,67.70342196371429,32.096578036285706,-32.096578036285706
BIH,Bosnia and Herzegovina,Eur. & Cent. Asia,Upper middle income,2021,PT_MSW,2,dummy_mean,76.52316,67.70342196371429,8.819738036285713,-8.819738036285713
BLR,Belarus,Eur. & Cent. Asia,Upper middle income,2021,PT_POP,2,dummy_mean,100.0,67.70342196371429,32.29657803628571,-32.29657803628571
DNK,Denmark,Eur. & Cent. Asia,High income,2022,PT_MSW,2,dummy_mean,100.0,67.70342196371429,32.29657803628571,-32.29657803628571
GEO,Georgia,Eur. & Cent. Asia,Upper middle income,2019,PT_MSW,2,dummy_mean,87.88,67.70342196371429,20.176578036285704,-20.176578036285704
GRC,Greece,Eur. & Cent. Asia,High income,2018,PT_POP,2,dummy_mean,96.0,67.70342196371429,28.29657803628571,-28.29657803628571
HRV,Croatia,Eur. & Cent. Asia,High income,2022,PT_POP,2,dummy_mean,99.5,67.70342196371429,31.79657803628571,-31.79657803628571
ISL,Iceland,Eur. & Cent. Asia,High income,2013,PT_POP,2,dummy_mean,100.0,67.70342196371429,32.29657803628571,-32.29657803628571
KAZ,Kazakhstan,Eur. & Cent. Asia,Upper middle income,2021,PT_POP,2,dummy_mean,82.0,67.70342196371429,14.296578036285709,-14.296578036285709
KGZ,Kyrgyz Republic,Eur. & Cent. Asia,Lower middle income,2022,PT_MSW,2,dummy_mean,47.0,67.70342196371429,20.70342196371429,20.70342196371429
LIE,Liechtenstein,Eur. & Cent. Asia,High income,2021,PT_POP,2,dummy_mean,100.0,67.70342196371429,32.29657803628571,-32.29657803628571
LTU,Lithuania,Eur. & Cent. Asia,High income,2019,PT_POP,2,dummy_mean,99.0,67.70342196371429,31.29657803628571,-31.29657803628571
LUX,Luxembourg,Eur. & Cent. Asia,High income,2017,PT_POP,2,dummy_mean,100.0,67.70342196371429,32.29657803628571,-32.29657803628571
MCO,Monaco,Eur. & Cent. Asia,High income,2017,PT_POP,2,dummy_mean,100.0,67.70342196371429,32.29657803628571,-32.29657803628571
MKD,North Macedonia,Eur. & Cent. Asia,Upper middle income,2011,PT_POP,2,dummy_mean,77.0,67.70342196371429,9.296578036285709,-9.296578036285709
MNE,Montenegro,Eur. & Cent. Asia,Upper middle income,2021,PT_POP,2,dummy_mean,87.6,67.70342196371429,19.896578036285703,-19.896578036285703
ROU,Romania,Eur. & Cent. Asia,High income,2021,PT_POP,2,dummy_mean,95.24,67.70342196371429,27.536578036285704,-27.536578036285704
SRB,Serbia,Eur. & Cent. Asia,Upper middle income,2021,PT_MSW,2,dummy_mean,88.0,67.70342196371429,20.29657803628571,-20.29657803628571
SVN,Slovenia,Eur. & Cent. Asia,High income,2022,PT_MSW,2,dummy_mean,98.23,67.70342196371429,30.526578036285713,-30.526578036285713
SWE,Sweden,Eur. & Cent. Asia,High income,2022,PT_MSW,2,dummy_mean,100.0,67.70342196371429,32.29657803628571,-32.29657803628571
TJK,Tajikistan,Eur. & Cent. Asia,Lower middle income,2018,PT_MSW,2,dummy_mean,38.0,67.70342196371429,29.70342196371429,29.70342196371429
TKM,Turkmenistan,Eur. & Cent. Asia,Upper middle income,2017,PT_MSW,2,dummy_mean,50.0,67.70342196371429,17.70342196371429,17.70342196371429
TUR,Turkiye,Eur. & Cent. Asia,Upper middle income,2022,PT_POP,2,dummy_mean,99.4,67.70342196371429,31.696578036285715,-31.696578036285715
UKR,Ukraine,Eur. & Cent. Asia,Upper middle income,2019,PT_POP,2,dummy_mean,78.0,67.70342196371429,10.296578036285709,-10.296578036285709
UZB,Uzbekistan,Eur. & Cent. Asia,Lower middle income,2022,PT_POP,2,dummy_mean,86.06,67.70342196371429,18.35657803628571,-18.35657803628571
XKX,Kosovo,Eur. & Cent. Asia,Upper middle income,2021,PT_HH,2,dummy_mean,90.02,67.70342196371429,22.316578036285705,-22.316578036285705
ALB,Albania,Eur. & Cent. Asia,Upper middle income,2022,PT_POP,2,linear,89.2,77.6368679800598,11.563132019940198,-11.563132019940198
AND,Andorra,Eur. & Cent. Asia,High income,2021,PT_POP,2,linear,100.0,100.0,0.0,0.0
ARM,Armenia,Eur. & Cent. Asia,Upper middle income,2021,PT_POP,2,linear,96.3,75.90851789597004,20.39148210402996,-20.39148210402996
AZE,Azerbaijan,Eur. & Cent. Asia,Upper middle income,2020,PT_MSW,2,linear,68.0,75.30260017535703,7.302600175357028,7.302600175357028
BGR,Bulgaria,Eur. & Cent. Asia,High income,2018,PT_POP,2,linear,99.8,85.74012760565282,14.059872394347181,-14.059872394347181
BIH,Bosnia and Herzegovina,Eur. & Cent. Asia,Upper middle income,2021,PT_MSW,2,linear,76.52316,73.90435048327704,2.618809516722962,-2.618809516722962
BLR,Belarus,Eur. & Cent. Asia,Upper middle income,2021,PT_POP,2,linear,100.0,85.97285642778283,14.02714357221717,-14.02714357221717
DNK,Denmark,Eur. & Cent. Asia,High income,2022,PT_MSW,2,linear,100.0,100.0,0.0,0.0
GEO,Georgia,Eur. & Cent. Asia,Upper middle income,2019,PT_MSW,2,linear,87.88,75.66083814830638,12.219161851693613,-12.219161851693613
GRC,Greece,Eur. & Cent. Asia,High income,2018,PT_POP,2,linear,96.0,89.25517982967816,6.744820170321844,-6.744820170321844
HRV,Croatia,Eur. & Cent. Asia,High income,2022,PT_POP,2,linear,99.5,88.99641203924176,10.503587960758239,-10.503587960758239
ISL,Iceland,Eur. & Cent. Asia,High income,2013,PT_POP,2,linear,100.0,100.0,0.0,0.0
KAZ,Kazakhstan,Eur. & Cent. Asia,Upper middle income,2021,PT_POP,2,linear,82.0,81.68553020577968,0.3144697942203152,-0.3144697942203152
KGZ,Kyrgyz Republic,Eur. & Cent. Asia,Lower middle income,2022,PT_MSW,2,linear,47.0,48.86603380329427,1.8660338032942718,1.8660338032942718
LIE,Liechtenstein,Eur. & Cent. Asia,High income,2021,PT_POP,2,linear,100.0,66.23341290843204,33.766587091567956,-33.766587091567956
LTU,Lithuania,Eur. & Cent. Asia,High income,2019,PT_POP,2,linear,99.0,93.10569065479461,5.894309345205386,-5.894309345205386
LUX,Luxembourg,Eur. & Cent. Asia,High income,2017,PT_POP,2,linear,100.0,100.0,0.0,0.0
MCO,Monaco,Eur. & Cent. Asia,High income,2017,PT_POP,2,linear,100.0,92.24595837073541,7.7540416292645915,-7.7540416292645915
MKD,North Macedonia,Eur. & Cent. Asia,Upper middle income,2011,PT_POP,2,linear,77.0,75.90243752678607,1.0975624732139266,-1.0975624732139266
MNE,Montenegro,Eur. & Cent. Asia,Upper middle income,2021,PT_POP,2,linear,87.6,84.83220192371117,2.767798076288827,-2.767798076288827
ROU,Romania,Eur. & Cent. Asia,High income,2021,PT_POP,2,linear,95.24,84.07391736380934,11.166082636190652,-11.166082636190652
SRB,Serbia,Eur. & Cent. Asia,Upper middle income,2021,PT_MSW,2,linear,88.0,79.91702129399562,8.082978706004383,-8.082978706004383
SVN,Slovenia,Eur. & Cent. Asia,High income,2022,PT_MSW,2,linear,98.23,92.95980176465487,5.270198235345134,-5.270198235345134
SWE,Sweden,Eur. & Cent. Asia,High income,2022,PT_MSW,2,linear,100.0,100.0,0.0,0.0
TJK,Tajikistan,Eur. & Cent. Asia,Lower middle income,2018,PT_MSW,2,linear,38.0,36.84073858821926,1.15926141178074,-1.15926141178074
TKM,Turkmenistan,Eur. & Cent. Asia,Upper middle income,2017,PT_MSW,2,linear,50.0,65.61758623590907,15.617586235909073,15.617586235909073
TUR,Turkiye,Eur. & Cent. Asia,Upper middle income,2022,PT_POP,2,linear,99.4,89.07896726026542,10.32103273973459,-10.32103273973459
UKR,Ukraine,Eur. & Cent. Asia,Upper middle income,2019,PT_POP,2,linear,78.0,73.60158960921801,4.39841039078199,-4.39841039078199
UZB,Uzbekistan,Eur. & Cent. Asia,Lower middle income,2022,PT_POP,2,linear,86.06,59.61383253889267,26.44616746110733,-26.44616746110733
XKX,Kosovo,Eur. & Cent. Asia,Upper middle income,2021,PT_HH,2,linear,90.02,67.44695197516235,22.573048024837647,-22.573048024837647
ALB,Albania,Eur. & Cent. Asia,Upper middle income,2022,PT_POP,2,ridge,89.2,77.62615718264692,11.573842817353082,-11.573842817353082
AND,Andorra,Eur. & Cent. Asia,High income,2021,PT_POP,2,ridge,100.0,100.0,0.0,0.0
ARM,Armenia,Eur. & Cent. Asia,Upper middle income,2021,PT_POP,2,ridge,96.3,75.90436795812612,20.39563204187388,-20.39563204187388
AZE,Azerbaijan,Eur. & Cent. Asia,Upper middle income,2020,PT_MSW,2,ridge,68.0,75.2937499019572,7.293749901957199,7.293749901957199
BGR,Bulgaria,Eur. & Cent. Asia,High income,2018,PT_POP,2,ridge,99.8,85.72772401386976,14.072275986130236,-14.072275986130236
BIH,Bosnia and Herzegovina,Eur. & Cent. Asia,Upper middle income,2021,PT_MSW,2,ridge,76.52316,73.89222553532376,2.630934464676244,-2.630934464676244
BLR,Belarus,Eur. & Cent. Asia,Upper middle income,2021,PT_POP,2,ridge,100.0,85.96181126449538,14.038188735504619,-14.038188735504619
DNK,Denmark,Eur. & Cent. Asia,High income,2022,PT_MSW,2,ridge,100.0,100.0,0.0,0.0
GEO,Georgia,Eur. & Cent. Asia,Upper middle income,2019,PT_MSW,2,ridge,87.88,75.6515301090448,12.228469890955196,-12.228469890955196
GRC,Greece,Eur. & Cent. Asia,High income,2018,PT_POP,2,ridge,96.0,89.2416527535355,6.758347246464496,-6.758347246464496
HRV,Croatia,Eur. & Cent. Asia,High income,2022,PT_POP,2,ridge,99.5,88.97136602004626,10.528633979953739,-10.528633979953739
ISL,Iceland,Eur. & Cent. Asia,High income,2013,PT_POP,2,ridge,100.0,100.0,0.0,0.0
KAZ,Kazakhstan,Eur. & Cent. Asia,Upper middle income,2021,PT_POP,2,ridge,82.0,81.66398152404717,0.33601847595282663,-0.33601847595282663
KGZ,Kyrgyz Republic,Eur. & Cent. Asia,Lower middle income,2022,PT_MSW,2,ridge,47.0,48.87010038439169,1.8701003843916908,1.8701003843916908
LIE,Liechtenstein,Eur. & Cent. Asia,High income,2021,PT_POP,2,ridge,100.0,66.21696796637136,33.78303203362864,-33.78303203362864
LTU,Lithuania,Eur. & Cent. Asia,High income,2019,PT_POP,2,ridge,99.0,93.08159420070558,5.918405799294419,-5.918405799294419
LUX,Luxembourg,Eur. & Cent. Asia,High income,2017,PT_POP,2,ridge,100.0,100.0,0.0,0.0
MCO,Monaco,Eur. & Cent. Asia,High income,2017,PT_POP,2,ridge,100.0,92.26199317272498,7.738006827275015,-7.738006827275015
MKD,North Macedonia,Eur. & Cent. Asia,Upper middle income,2011,PT_POP,2,ridge,77.0,75.89381288718494,1.1061871128150642,-1.1061871128150642
MNE,Montenegro,Eur. & Cent. Asia,Upper middle income,2021,PT_POP,2,ridge,87.6,84.81808561930171,2.7819143806982822,-2.7819143806982822
ROU,Romania,Eur. & Cent. Asia,High income,2021,PT_POP,2,ridge,95.24,84.049981279837,11.190018720162996,-11.190018720162996
SRB,Serbia,Eur. & Cent. Asia,Upper middle income,2021,PT_MSW,2,ridge,88.0,79.9043898521849,8.095610147815094,-8.095610147815094
SVN,Slovenia,Eur. & Cent. Asia,High income,2022,PT_MSW,2,ridge,98.23,92.93107091174892,5.298929088251086,-5.298929088251086
SWE,Sweden,Eur. & Cent. Asia,High income,2022,PT_MSW,2,ridge,100.0,100.0,0.0,0.0
TJK,Tajikistan,Eur. & Cent. Asia,Lower middle income,2018,PT_MSW,2,ridge,38.0,36.85419668715025,1.1458033128497505,-1.1458033128497505
TKM,Turkmenistan,Eur. & Cent. Asia,Upper middle income,2017,PT_MSW,2,ridge,50.0,65.60827860533495,15.608278605334945,15.608278605334945
TUR,Turkiye,Eur. & Cent. Asia,Upper middle income,2022,PT_POP,2,ridge,99.4,89.07035732186024,10.329642678139763,-10.329642678139763
UKR,Ukraine,Eur. & Cent. Asia,Upper middle income,2019,PT_POP,2,ridge,78.0,73.59836710346404,4.401632896535958,-4.401632896535958
UZB,Uzbekistan,Eur. & Cent. Asia,Lower middle income,2022,PT_POP,2,ridge,86.06,59.615539081020046,26.444460918979956,-26.444460918979956
XKX,Kosovo,Eur. & Cent. Asia,Upper middle income,2021,PT_HH,2,ridge,90.02,67.44123002143387,22.57876997856613,-22.57876997856613
ALB,Albania,Eur. & Cent. Asia,Upper middle income,2022,PT_POP,2,random_forest,89.2,69.59437952616109,19.60562047383891,-19.60562047383891
AND,Andorra,Eur. & Cent. Asia,High income,2021,PT_POP,2,random_forest,100.0,96.39799878076724,3.6020012192327613,-3.6020012192327613
ARM,Armenia,Eur. & Cent. Asia,Upper middle income,2021,PT_POP,2,random_forest,96.3,76.74196112020068,19.558038879799312,-19.558038879799312
AZE,Azerbaijan,Eur. & Cent. Asia,Upper middle income,2020,PT_MSW,2,random_forest,68.0,68.90446637038954,0.9044663703895424,0.9044663703895424
BGR,Bulgaria,Eur. & Cent. Asia,High income,2018,PT_POP,2,random_forest,99.8,85.75872263572981,14.041277364270186,-14.041277364270186
BIH,Bosnia and Herzegovina,Eur. & Cent. Asia,Upper middle income,2021,PT_MSW,2,random_forest,76.52316,67.49148235336541,9.031677646634591,-9.031677646634591
BLR,Belarus,Eur. & Cent. Asia,Upper middle income,2021,PT_POP,2,random_forest,100.0,88.58068776244052,11.419312237559481,-11.419312237559481
DNK,Denmark,Eur. & Cent. Asia,High income,2022,PT_MSW,2,random_forest,100.0,97.56248434685007,2.43751565314993,-2.43751565314993
GEO,Georgia,Eur. & Cent. Asia,Upper middle income,2019,PT_MSW,2,random_forest,87.88,68.01739436226447,19.862605637735527,-19.862605637735527
GRC,Greece,Eur. & Cent. Asia,High income,2018,PT_POP,2,random_forest,96.0,88.90105562877895,7.098944371221052,-7.098944371221052
HRV,Croatia,Eur. & Cent. Asia,High income,2022,PT_POP,2,random_forest,99.5,71.38957965992482,28.11042034007518,-28.11042034007518
ISL,Iceland,Eur. & Cent. Asia,High income,2013,PT_POP,2,random_forest,100.0,92.91696870929958,7.0830312907004185,-7.0830312907004185
KAZ,Kazakhstan,Eur. & Cent. Asia,Upper middle income,2021,PT_POP,2,random_forest,82.0,72.64562870530467,9.354371294695326,-9.354371294695326
KGZ,Kyrgyz Republic,Eur. & Cent. Asia,Lower middle income,2022,PT_MSW,2,random_forest,47.0,47.89649573091163,0.8964957309116315,0.8964957309116315
LIE,Liechtenstein,Eur. & Cent. Asia,High income,2021,PT_POP,2,random_forest,100.0,82.4943345009241,17.505665499075903,-17.505665499075903
LTU,Lithuania,Eur. & Cent. Asia,High income,2019,PT_POP,2,random_forest,99.0,84.0320037191983,14.9679962808017,-14.9679962808017
LUX,Luxembourg,Eur. & Cent. Asia,High income,2017,PT_POP,2,random_forest,100.0,97.3841957513092,2.615804248690793,-2.615804248690793
MCO,Monaco,Eur. & Cent. Asia,High income,2017,PT_POP,2,random_forest,100.0,94.04419366174919,5.9558063382508095,-5.9558063382508095
MKD,North Macedonia,Eur. & Cent. Asia,Upper middle income,2011,PT_POP,2,random_forest,77.0,69.03054570918246,7.969454290817538,-7.969454290817538
MNE,Montenegro,Eur. & Cent. Asia,Upper middle income,2021,PT_POP,2,random_forest,87.6,80.4996838135484,7.100316186451593,-7.100316186451593
ROU,Romania,Eur. & Cent. Asia,High income,2021,PT_POP,2,random_forest,95.24,70.89029971656134,24.34970028343865,-24.34970028343865
SRB,Serbia,Eur. & Cent. Asia,Upper middle income,2021,PT_MSW,2,random_forest,88.0,77.19359479920769,10.806405200792312,-10.806405200792312
SVN,Slovenia,Eur. & Cent. Asia,High income,2022,PT_MSW,2,random_forest,98.23,74.23634269267258,23.993657307327425,-23.993657307327425
SWE,Sweden,Eur. & Cent. Asia,High income,2022,PT_MSW,2,random_forest,100.0,97.64856213695846,2.3514378630415393,-2.3514378630415393
TJK,Tajikistan,Eur. & Cent. Asia,Lower middle income,2018,PT_MSW,2,random_forest,38.0,25.547486794220205,12.452513205779795,-12.452513205779795
TKM,Turkmenistan,Eur. & Cent. Asia,Upper middle income,2017,PT_MSW,2,random_forest,50.0,55.73046121845669,5.730461218456689,5.730461218456689
TUR,Turkiye,Eur. & Cent. Asia,Upper middle income,2022,PT_POP,2,random_forest,99.4,93.15410134360835,6.24589865639166,-6.24589865639166
UKR,Ukraine,Eur. & Cent. Asia,Upper middle income,2019,PT_POP,2,random_forest,78.0,80.34079338017163,2.3407933801716325,2.3407933801716325
UZB,Uzbekistan,Eur. & Cent. Asia,Lower middle income,2022,PT_POP,2,random_forest,86.06,52.56482789995996,33.495172100040044,-33.495172100040044
XKX,Kosovo,Eur. & Cent. Asia,Upper middle income,2021,PT_HH,2,random_forest,90.02,59.26228070256787,30.757719297432125,-30.757719297432125
ALB,Albania,Eur. & Cent. Asia,Upper middle income,2022,PT_POP,2,hist_gbr,89.2,69.66838744846311,19.531612551536895,-19.531612551536895
AND,Andorra,Eur. & Cent. Asia,High income,2021,PT_POP,2,hist_gbr,100.0,98.3191993390057,1.6808006609942936,-1.6808006609942936
ARM,Armenia,Eur. & Cent. Asia,Upper middle income,2021,PT_POP,2,hist_gbr,96.3,79.09222240526773,17.207777594732264,-17.207777594732264
AZE,Azerbaijan,Eur. & Cent. Asia,Upper middle income,2020,PT_MSW,2,hist_gbr,68.0,67.45753596441271,0.5424640355872867,-0.5424640355872867
BGR,Bulgaria,Eur. & Cent. Asia,High income,2018,PT_POP,2,hist_gbr,99.8,89.39620961458792,10.40379038541208,-10.40379038541208
BIH,Bosnia and Herzegovina,Eur. & Cent. Asia,Upper middle income,2021,PT_MSW,2,hist_gbr,76.52316,62.024904318005305,14.4982556819947,-14.4982556819947
BLR,Belarus,Eur. & Cent. Asia,Upper middle income,2021,PT_POP,2,hist_gbr,100.0,92.69694846126558,7.303051538734422,-7.303051538734422
DNK,Denmark,Eur. & Cent. Asia,High income,2022,PT_MSW,2,hist_gbr,100.0,95.26248465263602,4.737515347363981,-4.737515347363981
GEO,Georgia,Eur. & Cent. Asia,Upper middle income,2019,PT_MSW,2,hist_gbr,87.88,59.18087677308248,28.699123226917514,-28.699123226917514
GRC,Greece,Eur. & Cent. Asia,High income,2018,PT_POP,2,hist_gbr,96.0,95.14974367255219,0.8502563274478092,-0.8502563274478092
HRV,Croatia,Eur. & Cent. Asia,High income,2022,PT_POP,2,hist_gbr,99.5,63.73738349151838,35.76261650848162,-35.76261650848162
ISL,Iceland,Eur. & Cent. Asia,High income,2013,PT_POP,2,hist_gbr,100.0,91.70299762097333,8.297002379026665,-8.297002379026665
KAZ,Kazakhstan,Eur. & Cent. Asia,Upper middle income,2021,PT_POP,2,hist_gbr,82.0,65.99005371393099,16.00994628606901,-16.00994628606901
KGZ,Kyrgyz Republic,Eur. & Cent. Asia,Lower middle income,2022,PT_MSW,2,hist_gbr,47.0,38.257180357009894,8.742819642990106,-8.742819642990106
LIE,Liechtenstein,Eur. & Cent. Asia,High income,2021,PT_POP,2,hist_gbr,100.0,77.73765566916774,22.262344330832263,-22.262344330832263
LTU,Lithuania,Eur. & Cent. Asia,High income,2019,PT_POP,2,hist_gbr,99.0,81.58054471926542,17.41945528073458,-17.41945528073458
LUX,Luxembourg,Eur. & Cent. Asia,High income,2017,PT_POP,2,hist_gbr,100.0,95.09691494651423,4.903085053485768,-4.903085053485768
MCO,Monaco,Eur. & Cent. Asia,High income,2017,PT_POP,2,hist_gbr,100.0,94.83565145694409,5.164348543055908,-5.164348543055908
MKD,North Macedonia,Eur. & Cent. Asia,Upper middle income,2011,PT_POP,2,hist_gbr,77.0,73.45015926008338,3.5498407399166183,-3.5498407399166183
MNE,Montenegro,Eur. & Cent. Asia,Upper middle income,2021,PT_POP,2,hist_gbr,87.6,80.55298081191351,7.04701918808648,-7.04701918808648
ROU,Romania,Eur. & Cent. Asia,High income,2021,PT_POP,2,hist_gbr,95.24,74.13127706458916,21.10872293541084,-21.10872293541084
SRB,Serbia,Eur. & Cent. Asia,Upper middle income,2021,PT_MSW,2,hist_gbr,88.0,82.20803002122001,5.7919699787799885,-5.7919699787799885
SVN,Slovenia,Eur. & Cent. Asia,High income,2022,PT_MSW,2,hist_gbr,98.23,76.26280588988595,21.96719411011405,-21.96719411011405
SWE,Sweden,Eur. & Cent. Asia,High income,2022,PT_MSW,2,hist_gbr,100.0,93.98173501295786,6.018264987042144,-6.018264987042144
TJK,Tajikistan,Eur. & Cent. Asia,Lower middle income,2018,PT_MSW,2,hist_gbr,38.0,16.99750466327952,21.00249533672048,-21.00249533672048
TKM,Turkmenistan,Eur. & Cent. Asia,Upper middle income,2017,PT_MSW,2,hist_gbr,50.0,48.351696121362586,1.6483038786374138,-1.6483038786374138
TUR,Turkiye,Eur. & Cent. Asia,Upper middle income,2022,PT_POP,2,hist_gbr,99.4,96.65493338821632,2.7450666117836846,-2.7450666117836846
UKR,Ukraine,Eur. & Cent. Asia,Upper middle income,2019,PT_POP,2,hist_gbr,78.0,82.1975051284089,4.197505128408906,4.197505128408906
UZB,Uzbekistan,Eur. & Cent. Asia,Lower middle income,2022,PT_POP,2,hist_gbr,86.06,62.205128891962055,23.854871108037948,-23.854871108037948
XKX,Kosovo,Eur. & Cent. Asia,Upper middle income,2021,PT_HH,2,hist_gbr,90.02,65.49758497938288,24.522415020617117,-24.522415020617117
ABW,Aruba,L. Amer. & the Caribbean,High income,2019,PT_MSW,3,dummy_mean,96.0,68.95956236250477,27.04043763749523,-27.04043763749523
ARG,Argentina,L. Amer. & the Caribbean,Upper middle income,2021,PT_MSW,3,dummy_mean,98.0,68.95956236250477,29.04043763749523,-29.04043763749523
ATG,Antigua and Barbuda,L. Amer. & the Caribbean,High income,2012,PT_POP,3,dummy_mean,99.0,68.95956236250477,30.04043763749523,-30.04043763749523
BHS,"Bahamas, The",L. Amer. & the Caribbean,High income,2021,PT_MSW,3,dummy_mean,79.0,68.95956236250477,10.04043763749523,-10.04043763749523
BLZ,Belize,L. Amer. & the Caribbean,Upper middle income,2021,PT_MSW,3,dummy_mean,72.77,68.95956236250477,3.8104376374952267,-3.8104376374952267
BOL,Bolivia,L. Amer. & the Caribbean,Lower middle income,2021,PT_MSW,3,dummy_mean,70.14,68.95956236250477,1.1804376374952312,-1.1804376374952312
BRA,Brazil,L. Amer. & the Caribbean,Upper middle income,2022,PT_MSW,3,dummy_mean,93.0,68.95956236250477,24.04043763749523,-24.04043763749523
BRB,Barbados,L. Amer. & the Caribbean,High income,2021,PT_MSW,3,dummy_mean,90.0,68.95956236250477,21.04043763749523,-21.04043763749523
CHL,Chile,L. Amer. & the Caribbean,High income,2021,PT_MSW,3,dummy_mean,96.0,68.95956236250477,27.04043763749523,-27.04043763749523
COL,Colombia,L. Amer. & the Caribbean,Upper middle income,2021,PT_MSW,3,dummy_mean,82.52000000000001,68.95956236250477,13.560437637495241,-13.560437637495241
CRI,Costa Rica,L. Amer. & the Caribbean,High income,2021,PT_MSW,3,dummy_mean,88.85,68.95956236250477,19.890437637495225,-19.890437637495225
CUB,Cuba,L. Amer. & the Caribbean,Upper middle income,2022,PT_POP,3,dummy_mean,77.10000000000001,68.95956236250477,8.14043763749524,-8.14043763749524
DMA,Dominica,L. Amer. & the Caribbean,Upper middle income,2021,PT_POP,3,dummy_mean,100.0,68.95956236250477,31.04043763749523,-31.04043763749523
DOM,Dominican Republic,L. Amer. & the Caribbean,Upper middle income,2021,PT_MSW,3,dummy_mean,89.58,68.95956236250477,20.62043763749523,-20.62043763749523
ECU,Ecuador,L. Amer. & the Caribbean,Upper middle income,2021,PT_MSW,3,dummy_mean,80.9,68.95956236250477,11.940437637495236,-11.940437637495236
GRD,Grenada,L. Amer. & the Caribbean,Upper middle income,2011,PT_HH,3,dummy_mean,98.3,68.95956236250477,29.340437637495228,-29.340437637495228
GTM,Guatemala,L. Amer. & the Caribbean,Upper middle income,2021,PT_MSW,3,dummy_mean,41.8,68.95956236250477,27.159562362504772,27.159562362504772
GUY,Guyana,L. Amer. & the Caribbean,High income,2021,PT_MSW,3,dummy_mean,55.00000000000001,68.95956236250477,13.959562362504762,13.959562362504762
HND,Honduras,L. Amer. & the Caribbean,Lower middle income,2021,PT_MSW,3,dummy_mean,52.61,68.95956236250477,16.34956236250477,16.34956236250477
HTI,Haiti,L. Amer. & the Caribbean,Lower middle income,2021,PT_MSW,3,dummy_mean,43.0,68.95956236250477,25.95956236250477,25.95956236250477
JAM,Jamaica,L. Amer. & the Caribbean,Upper middle income,2017,PT_POP,3,dummy_mean,53.8,68.95956236250477,15.159562362504772,15.159562362504772
KNA,St. Kitts and Nevis,L. Amer. & the Caribbean,High income,2003,PT_POP,3,dummy_mean,95.0,68.95956236250477,26.04043763749523,-26.04043763749523
LCA,St. Lucia,L. Amer. & the Caribbean,Upper middle income,2010,PT_HH,3,dummy_mean,96.8,68.95956236250477,27.840437637495228,-27.840437637495228
MEX,Mexico,L. Amer. & the Caribbean,Upper middle income,2017,PT_MSW,3,dummy_mean,83.87,68.95956236250477,14.910437637495235,-14.910437637495235
NIC,Nicaragua,L. Amer. & the Caribbean,Lower middle income,2021,PT_MSW,3,dummy_mean,58.13,68.95956236250477,10.829562362504767,10.829562362504767
PAN,Panama,L. Amer. & the Caribbean,High income,2021,PT_MSW,3,dummy_mean,64.2,68.95956236250477,4.7595623625047665,4.7595623625047665
PER,Peru,L. Amer. & the Caribbean,Upper middle income,2016,PT_MSW,3,dummy_mean,94.17,68.95956236250477,25.210437637495232,-25.210437637495232
PRY,Paraguay,L. Amer. & the Caribbean,Upper middle income,2021,PT_MSW,3,dummy_mean,57.95,68.95956236250477,11.009562362504766,11.009562362504766
SLV,El Salvador,L. Amer. & the Caribbean,Upper middle income,2020,PT_MSW,3,dummy_mean,71.0,68.95956236250477,2.0404376374952307,-2.0404376374952307
SUR,Suriname,L. Amer. & the Caribbean,Upper middle income,2021,PT_MSW,3,dummy_mean,100.0,68.95956236250477,31.04043763749523,-31.04043763749523
TTO,Trinidad and Tobago,L. Amer. & the Caribbean,High income,2021,PT_MSW,3,dummy_mean,95.03,68.95956236250477,26.070437637495232,-26.070437637495232
URY,Uruguay,L. Amer. & the Caribbean,High income,2021,PT_MSW,3,dummy_mean,100.0,68.95956236250477,31.04043763749523,-31.04043763749523
VEN,"Venezuela, RB",L. Amer. & the Caribbean,Lower middle income,2021,PT_MSW,3,dummy_mean,78.11,68.95956236250477,9.15043763749523,-9.15043763749523
VGB,British Virgin Islands,L. Amer. & the Caribbean,High income,2001,PT_POP,3,dummy_mean,97.2,68.95956236250477,28.240437637495234,-28.240437637495234
ABW,Aruba,L. Amer. & the Caribbean,High income,2019,PT_MSW,3,linear,96.0,97.56900101195767,1.569001011957667,1.569001011957667
ARG,Argentina,L. Amer. & the Caribbean,Upper middle income,2021,PT_MSW,3,linear,98.0,83.9171210240407,14.082878975959304,-14.082878975959304
ATG,Antigua and Barbuda,L. Amer. & the Caribbean,High income,2012,PT_POP,3,linear,99.0,80.30407758985248,18.695922410147517,-18.695922410147517
BHS,"Bahamas, The",L. Amer. & the Caribbean,High income,2021,PT_MSW,3,linear,79.0,91.96111261455786,12.961112614557862,12.961112614557862
BLZ,Belize,L. Amer. & the Caribbean,Upper middle income,2021,PT_MSW,3,linear,72.77,64.94624090248774,7.8237590975122515,-7.8237590975122515
BOL,Bolivia,L. Amer. & the Caribbean,Lower middle income,2021,PT_MSW,3,linear,70.14,65.28625504542319,4.853744954576811,-4.853744954576811
BRA,Brazil,L. Amer. & the Caribbean,Upper middle income,2022,PT_MSW,3,linear,93.0,75.26605805565092,17.733941944349084,-17.733941944349084
BRB,Barbados,L. Amer. & the Caribbean,High income,2021,PT_MSW,3,linear,90.0,81.50997923649177,8.490020763508227,-8.490020763508227
CHL,Chile,L. Amer. & the Caribbean,High income,2021,PT_MSW,3,linear,96.0,86.64715748605184,9.352842513948161,-9.352842513948161
COL,Colombia,L. Amer. & the Caribbean,Upper middle income,2021,PT_MSW,3,linear,82.52000000000001,74.70285503304119,7.817144966958821,-7.817144966958821
CRI,Costa Rica,L. Amer. & the Caribbean,High income,2021,PT_MSW,3,linear,88.85,84.6106602837178,4.239339716282188,-4.239339716282188
CUB,Cuba,L. Amer. & the Caribbean,Upper middle income,2022,PT_POP,3,linear,77.10000000000001,71.7467761303623,5.353223869637702,-5.353223869637702
DMA,Dominica,L. Amer. & the Caribbean,Upper middle income,2021,PT_POP,3,linear,100.0,81.51030667854013,18.489693321459868,-18.489693321459868
DOM,Dominican Republic,L. Amer. & the Caribbean,Upper middle income,2021,PT_MSW,3,linear,89.58,82.08016799312645,7.499832006873547,-7.499832006873547
ECU,Ecuador,L. Amer. & the Caribbean,Upper middle income,2021,PT_MSW,3,linear,80.9,68.98492433968329,11.915075660316717,-11.915075660316717
GRD,Grenada,L. Amer. & the Caribbean,Upper middle income,2011,PT_HH,3,linear,98.3,71.62920980678147,26.670790193218522,-26.670790193218522
GTM,Guatemala,L. Amer. & the Caribbean,Upper middle income,2021,PT_MSW,3,linear,41.8,66.0001053985285,24.200105398528507,24.200105398528507
GUY,Guyana,L. Amer. & the Caribbean,High income,2021,PT_MSW,3,linear,55.00000000000001,70.30151956901177,15.301519569011766,15.301519569011766
HND,Honduras,L. Amer. & the Caribbean,Lower middle income,2021,PT_MSW,3,linear,52.61,55.09022998154999,2.4802299815499893,2.4802299815499893
HTI,Haiti,L. Amer. & the Caribbean,Lower middle income,2021,PT_MSW,3,linear,43.0,44.05425539872638,1.054255398726383,1.054255398726383
JAM,Jamaica,L. Amer. & the Caribbean,Upper middle income,2017,PT_POP,3,linear,53.8,67.0298387733086,13.2298387733086,13.2298387733086
KNA,St. Kitts and Nevis,L. Amer. & the Caribbean,High income,2003,PT_POP,3,linear,95.0,78.11366149460716,16.886338505392843,-16.886338505392843
LCA,St. Lucia,L. Amer. & the Caribbean,Upper middle income,2010,PT_HH,3,linear,96.8,74.57456314114987,22.22543685885013,-22.22543685885013
MEX,Mexico,L. Amer. & the Caribbean,Upper middle income,2017,PT_MSW,3,linear,83.87,77.922231402359,5.9477685976410015,-5.9477685976410015
NIC,Nicaragua,L. Amer. & the Caribbean,Lower middle income,2021,PT_MSW,3,linear,58.13,57.71425029348376,0.41574970651624454,-0.41574970651624454
PAN,Panama,L. Amer. & the Caribbean,High income,2021,PT_MSW,3,linear,64.2,85.75778700435227,21.557787004352264,21.557787004352264
PER,Peru,L. Amer. & the Caribbean,Upper middle income,2016,PT_MSW,3,linear,94.17,72.58543712929165,21.584562870708353,-21.584562870708353
PRY,Paraguay,L. Amer. & the Caribbean,Upper middle income,2021,PT_MSW,3,linear,57.95,71.53596099057101,13.58596099057101,13.58596099057101
SLV,El Salvador,L. Amer. & the Caribbean,Upper middle income,2020,PT_MSW,3,linear,71.0,68.78858859044128,2.211411409558721,-2.211411409558721
SUR,Suriname,L. Amer. & the Caribbean,Upper middle income,2021,PT_MSW,3,linear,100.0,75.7318985722538,24.268101427746203,-24.268101427746203
TTO,Trinidad and Tobago,L. Amer. & the Caribbean,High income,2021,PT_MSW,3,linear,95.03,86.51598504014619,8.51401495985381,-8.51401495985381
URY,Uruguay,L. Amer. & the Caribbean,High income,2021,PT_MSW,3,linear,100.0,90.30775994884605,9.692240051153945,-9.692240051153945
VEN,"Venezuela, RB",L. Amer. & the Caribbean,Lower middle income,2021,PT_MSW,3,linear,78.11,71.52230741871881,6.587692581281189,-6.587692581281189
VGB,British Virgin Islands,L. Amer. & the Caribbean,High income,2001,PT_POP,3,linear,97.2,72.59777255032044,24.60222744967956,-24.60222744967956
ABW,Aruba,L. Amer. & the Caribbean,High income,2019,PT_MSW,3,ridge,96.0,97.26940651555815,1.2694065155581455,1.2694065155581455
ARG,Argentina,L. Amer. & the Caribbean,Upper middle income,2021,PT_MSW,3,ridge,98.0,83.97393781069304,14.026062189306955,-14.026062189306955
ATG,Antigua and Barbuda,L. Amer. & the Caribbean,High income,2012,PT_POP,3,ridge,99.0,79.88379377544717,19.116206224552826,-19.116206224552826
BHS,"Bahamas, The",L. Amer. & the Caribbean,High income,2021,PT_MSW,3,ridge,79.0,91.85822863913666,12.858228639136655,12.858228639136655
BLZ,Belize,L. Amer. & the Caribbean,Upper middle income,2021,PT_MSW,3,ridge,72.77,64.84143395264722,7.928566047352774,-7.928566047352774
BOL,Bolivia,L. Amer. & the Caribbean,Lower middle income,2021,PT_MSW,3,ridge,70.14,65.40344046488315,4.736559535116854,-4.736559535116854
BRA,Brazil,L. Amer. & the Caribbean,Upper middle income,2022,PT_MSW,3,ridge,93.0,75.39579950801755,17.604200491982454,-17.604200491982454
BRB,Barbados,L. Amer. & the Caribbean,High income,2021,PT_MSW,3,ridge,90.0,81.40044323570207,8.59955676429793,-8.59955676429793
CHL,Chile,L. Amer. & the Caribbean,High income,2021,PT_MSW,3,ridge,96.0,86.64720521232893,9.352794787671073,-9.352794787671073
COL,Colombia,L. Amer. & the Caribbean,Upper middle income,2021,PT_MSW,3,ridge,82.52000000000001,74.77326967576496,7.746730324235045,-7.746730324235045
CRI,Costa Rica,L. Amer. & the Caribbean,High income,2021,PT_MSW,3,ridge,88.85,84.57556692074303,4.274433079256966,-4.274433079256966
CUB,Cuba,L. Amer. & the Caribbean,Upper middle income,2022,PT_POP,3,ridge,77.10000000000001,71.87779989510796,5.222200104892053,-5.222200104892053
DMA,Dominica,L. Amer. & the Caribbean,Upper middle income,2021,PT_POP,3,ridge,100.0,81.49474845236414,18.505251547635865,-18.505251547635865
DOM,Dominican Republic,L. Amer. & the Caribbean,Upper middle income,2021,PT_MSW,3,ridge,89.58,82.04298671276267,7.537013287237329,-7.537013287237329
ECU,Ecuador,L. Amer. & the Caribbean,Upper middle income,2021,PT_MSW,3,ridge,80.9,69.01355425760744,11.886445742392567,-11.886445742392567
GRD,Grenada,L. Amer. & the Caribbean,Upper middle income,2011,PT_HH,3,ridge,98.3,71.43338565420447,26.866614345795526,-26.866614345795526
GTM,Guatemala,L. Amer. & the Caribbean,Upper middle income,2021,PT_MSW,3,ridge,41.8,66.00956726763944,24.209567267639443,24.209567267639443
GUY,Guyana,L. Amer. & the Caribbean,High income,2021,PT_MSW,3,ridge,55.00000000000001,69.94476351296683,14.944763512966823,14.944763512966823
HND,Honduras,L. Amer. & the Caribbean,Lower middle income,2021,PT_MSW,3,ridge,52.61,55.26725463786253,2.657254637862529,2.657254637862529
HTI,Haiti,L. Amer. & the Caribbean,Lower middle income,2021,PT_MSW,3,ridge,43.0,44.37317379536196,1.3731737953619572,1.3731737953619572
JAM,Jamaica,L. Amer. & the Caribbean,Upper middle income,2017,PT_POP,3,ridge,53.8,67.05610087831407,13.256100878314072,13.256100878314072
KNA,St. Kitts and Nevis,L. Amer. & the Caribbean,High income,2003,PT_POP,3,ridge,95.0,77.78970395761834,17.210296042381657,-17.210296042381657
LCA,St. Lucia,L. Amer. & the Caribbean,Upper middle income,2010,PT_HH,3,ridge,96.8,74.17090298698018,22.629097013019816,-22.629097013019816
MEX,Mexico,L. Amer. & the Caribbean,Upper middle income,2017,PT_MSW,3,ridge,83.87,77.94625204853922,5.923747951460783,-5.923747951460783
NIC,Nicaragua,L. Amer. & the Caribbean,Lower middle income,2021,PT_MSW,3,ridge,58.13,57.86270947816401,0.2672905218359958,-0.2672905218359958
PAN,Panama,L. Amer. & the Caribbean,High income,2021,PT_MSW,3,ridge,64.2,85.58538845833596,21.385388458335953,21.385388458335953
PER,Peru,L. Amer. & the Caribbean,Upper middle income,2016,PT_MSW,3,ridge,94.17,72.71060452428065,21.459395475719347,-21.459395475719347
PRY,Paraguay,L. Amer. & the Caribbean,Upper middle income,2021,PT_MSW,3,ridge,57.95,71.54962777180438,13.599627771804379,13.599627771804379
SLV,El Salvador,L. Amer. & the Caribbean,Upper middle income,2020,PT_MSW,3,ridge,71.0,68.94630017133706,2.0536998286629427,-2.0536998286629427
SUR,Suriname,L. Amer. & the Caribbean,Upper middle income,2021,PT_MSW,3,ridge,100.0,75.66841138573886,24.331588614261136,-24.331588614261136
TTO,Trinidad and Tobago,L. Amer. & the Caribbean,High income,2021,PT_MSW,3,ridge,95.03,86.2590328103094,8.770967189690595,-8.770967189690595
URY,Uruguay,L. Amer. & the Caribbean,High income,2021,PT_MSW,3,ridge,100.0,90.3291430911542,9.670856908845806,-9.670856908845806
VEN,"Venezuela, RB",L. Amer. & the Caribbean,Lower middle income,2021,PT_MSW,3,ridge,78.11,71.73985986614707,6.370140133852928,-6.370140133852928
VGB,British Virgin Islands,L. Amer. & the Caribbean,High income,2001,PT_POP,3,ridge,97.2,72.44204526837777,24.757954731622235,-24.757954731622235
ABW,Aruba,L. Amer. & the Caribbean,High income,2019,PT_MSW,3,random_forest,96.0,94.66535351146695,1.3346464885330533,-1.3346464885330533
ARG,Argentina,L. Amer. & the Caribbean,Upper middle income,2021,PT_MSW,3,random_forest,98.0,96.4757381750003,1.524261824999698,-1.524261824999698
ATG,Antigua and Barbuda,L. Amer. & the Caribbean,High income,2012,PT_POP,3,random_forest,99.0,92.06089754483284,6.939102455167159,-6.939102455167159
BHS,"Bahamas, The",L. Amer. & the Caribbean,High income,2021,PT_MSW,3,random_forest,79.0,97.1545497935349,18.154549793534898,18.154549793534898
BLZ,Belize,L. Amer. & the Caribbean,Upper middle income,2021,PT_MSW,3,random_forest,72.77,53.57354123710948,19.196458762890515,-19.196458762890515
BOL,Bolivia,L. Amer. & the Caribbean,Lower middle income,2021,PT_MSW,3,random_forest,70.14,60.59448768913367,9.545512310866329,-9.545512310866329
BRA,Brazil,L. Amer. & the Caribbean,Upper middle income,2022,PT_MSW,3,random_forest,93.0,77.53701097822723,15.46298902177277,-15.46298902177277
BRB,Barbados,L. Amer. & the Caribbean,High income,2021,PT_MSW,3,random_forest,90.0,83.22265476784825,6.777345232151745,-6.777345232151745
CHL,Chile,L. Amer. & the Caribbean,High income,2021,PT_MSW,3,random_forest,96.0,97.07312677346592,1.0731267734659156,1.0731267734659156
COL,Colombia,L. Amer. & the Caribbean,Upper middle income,2021,PT_MSW,3,random_forest,82.52000000000001,79.96835406325945,2.551645936740556,-2.551645936740556
CRI,Costa Rica,L. Amer. & the Caribbean,High income,2021,PT_MSW,3,random_forest,88.85,96.0735242548617,7.223524254861701,7.223524254861701
CUB,Cuba,L. Amer. & the Caribbean,Upper middle income,2022,PT_POP,3,random_forest,77.10000000000001,81.13291308403421,4.032913084034206,4.032913084034206
DMA,Dominica,L. Amer. & the Caribbean,Upper middle income,2021,PT_POP,3,random_forest,100.0,89.88316011108773,10.116839888912267,-10.116839888912267
DOM,Dominican Republic,L. Amer. & the Caribbean,Upper middle income,2021,PT_MSW,3,random_forest,89.58,83.61715813898792,5.96284186101208,-5.96284186101208
ECU,Ecuador,L. Amer. & the Caribbean,Upper middle income,2021,PT_MSW,3,random_forest,80.9,69.78438734595223,11.11561265404778,-11.11561265404778
GRD,Grenada,L. Amer. & the Caribbean,Upper middle income,2011,PT_HH,3,random_forest,98.3,86.36582230663917,11.934177693360823,-11.934177693360823
GTM,Guatemala,L. Amer. & the Caribbean,Upper middle income,2021,PT_MSW,3,random_forest,41.8,67.65676307128766,25.85676307128766,25.85676307128766
GUY,Guyana,L. Amer. & the Caribbean,High income,2021,PT_MSW,3,random_forest,55.00000000000001,85.09396269121409,30.09396269121408,30.09396269121408
HND,Honduras,L. Amer. & the Caribbean,Lower middle income,2021,PT_MSW,3,random_forest,52.61,48.81662183163639,3.79337816836361,-3.79337816836361
HTI,Haiti,L. Amer. & the Caribbean,Lower middle income,2021,PT_MSW,3,random_forest,43.0,36.14914659797405,6.8508534020259475,-6.8508534020259475
JAM,Jamaica,L. Amer. & the Caribbean,Upper middle income,2017,PT_POP,3,random_forest,53.8,72.81466930302352,19.014669303023524,19.014669303023524
KNA,St. Kitts and Nevis,L. Amer. & the Caribbean,High income,2003,PT_POP,3,random_forest,95.0,85.72595784619219,9.274042153807812,-9.274042153807812
LCA,St. Lucia,L. Amer. & the Caribbean,Upper middle income,2010,PT_HH,3,random_forest,96.8,85.33566584330812,11.464334156691876,-11.464334156691876
MEX,Mexico,L. Amer. & the Caribbean,Upper middle income,2017,PT_MSW,3,random_forest,83.87,82.793513927398,1.076486072602009,-1.076486072602009
NIC,Nicaragua,L. Amer. & the Caribbean,Lower middle income,2021,PT_MSW,3,random_forest,58.13,55.44293537266549,2.6870646273345145,-2.6870646273345145
PAN,Panama,L. Amer. & the Caribbean,High income,2021,PT_MSW,3,random_forest,64.2,91.57424922000764,27.37424922000764,27.37424922000764
PER,Peru,L. Amer. & the Caribbean,Upper middle income,2016,PT_MSW,3,random_forest,94.17,76.34320039360263,17.826799606397373,-17.826799606397373
PRY,Paraguay,L. Amer. & the Caribbean,Upper middle income,2021,PT_MSW,3,random_forest,57.95,79.50002850839175,21.550028508391748,21.550028508391748
SLV,El Salvador,L. Amer. & the Caribbean,Upper middle income,2020,PT_MSW,3,random_forest,71.0,79.41439362927265,8.414393629272652,8.414393629272652
SUR,Suriname,L. Amer. & the Caribbean,Upper middle income,2021,PT_MSW,3,random_forest,100.0,73.65770162117686,26.342298378823145,-26.342298378823145
TTO,Trinidad and Tobago,L. Amer. & the Caribbean,High income,2021,PT_MSW,3,random_forest,95.03,93.48683558856492,1.543164411435086,-1.543164411435086
URY,Uruguay,L. Amer. & the Caribbean,High income,2021,PT_MSW,3,random_forest,100.0,97.529135769017,2.470864230982997,-2.470864230982997
VEN,"Venezuela, RB",L. Amer. & the Caribbean,Lower middle income,2021,PT_MSW,3,random_forest,78.11,71.38056353913902,6.729436460860981,-6.729436460860981
VGB,British Virgin Islands,L. Amer. & the Caribbean,High income,2001,PT_POP,3,random_forest,97.2,87.82390539908296,9.376094600917042,-9.376094600917042
ABW,Aruba,L. Amer. & the Caribbean,High income,2019,PT_MSW,3,hist_gbr,96.0,100.0,4.0,4.0
ARG,Argentina,L. Amer. & the Caribbean,Upper middle income,2021,PT_MSW,3,hist_gbr,98.0,89.4214723808654,8.578527619134604,-8.578527619134604
ATG,Antigua and Barbuda,L. Amer. & the Caribbean,High income,2012,PT_POP,3,hist_gbr,99.0,87.39507903780819,11.604920962191812,-11.604920962191812
BHS,"Bahamas, The",L. Amer. & the Caribbean,High income,2021,PT_MSW,3,hist_gbr,79.0,99.97108202180604,20.97108202180604,20.97108202180604
BLZ,Belize,L. Amer. & the Caribbean,Upper middle income,2021,PT_MSW,3,hist_gbr,72.77,48.36129579281059,24.40870420718941,-24.40870420718941
BOL,Bolivia,L. Amer. & the Caribbean,Lower middle income,2021,PT_MSW,3,hist_gbr,70.14,62.91979456277643,7.220205437223569,-7.220205437223569
BRA,Brazil,L. Amer. & the Caribbean,Upper middle income,2022,PT_MSW,3,hist_gbr,93.0,83.79921078332004,9.200789216679965,-9.200789216679965
BRB,Barbados,L. Amer. & the Caribbean,High income,2021,PT_MSW,3,hist_gbr,90.0,91.94504784658344,1.945047846583435,1.945047846583435
CHL,Chile,L. Amer. & the Caribbean,High income,2021,PT_MSW,3,hist_gbr,96.0,95.34523894293663,0.654761057063368,-0.654761057063368
COL,Colombia,L. Amer. & the Caribbean,Upper middle income,2021,PT_MSW,3,hist_gbr,82.52000000000001,84.83665505793337,2.3166550579333602,2.3166550579333602
CRI,Costa Rica,L. Amer. & the Caribbean,High income,2021,PT_MSW,3,hist_gbr,88.85,96.43598653376944,7.585986533769443,7.585986533769443
CUB,Cuba,L. Amer. & the Caribbean,Upper middle income,2022,PT_POP,3,hist_gbr,77.10000000000001,83.67787747042522,6.577877470425207,6.577877470425207
DMA,Dominica,L. Amer. & the Caribbean,Upper middle income,2021,PT_POP,3,hist_gbr,100.0,94.02312643344219,5.976873566557813,-5.976873566557813
DOM,Dominican Republic,L. Amer. & the Caribbean,Upper middle income,2021,PT_MSW,3,hist_gbr,89.58,84.89596627900467,4.68403372099533,-4.68403372099533
ECU,Ecuador,L. Amer. & the Caribbean,Upper middle income,2021,PT_MSW,3,hist_gbr,80.9,70.49110763740549,10.408892362594514,-10.408892362594514
GRD,Grenada,L. Amer. & the Caribbean,Upper middle income,2011,PT_HH,3,hist_gbr,98.3,78.09806651639403,20.20193348360597,-20.20193348360597
GTM,Guatemala,L. Amer. & the Caribbean,Upper middle income,2021,PT_MSW,3,hist_gbr,41.8,56.169025143502424,14.369025143502427,14.369025143502427
GUY,Guyana,L. Amer. & the Caribbean,High income,2021,PT_MSW,3,hist_gbr,55.00000000000001,72.18746141401124,17.18746141401123,17.18746141401123
HND,Honduras,L. Amer. & the Caribbean,Lower middle income,2021,PT_MSW,3,hist_gbr,52.61,51.4495471067811,1.1604528932189027,-1.1604528932189027
HTI,Haiti,L. Amer. & the Caribbean,Lower middle income,2021,PT_MSW,3,hist_gbr,43.0,28.193250778653958,14.806749221346042,-14.806749221346042
JAM,Jamaica,L. Amer. & the Caribbean,Upper middle income,2017,PT_POP,3,hist_gbr,53.8,75.40177001235392,21.601770012353924,21.601770012353924
KNA,St. Kitts and Nevis,L. Amer. & the Caribbean,High income,2003,PT_POP,3,hist_gbr,95.0,82.09278350390997,12.90721649609003,-12.90721649609003
LCA,St. Lucia,L. Amer. & the Caribbean,Upper middle income,2010,PT_HH,3,hist_gbr,96.8,86.2842746586254,10.51572534137459,-10.51572534137459
MEX,Mexico,L. Amer. & the Caribbean,Upper middle income,2017,PT_MSW,3,hist_gbr,83.87,84.80153615169704,0.9315361516970313,0.9315361516970313
NIC,Nicaragua,L. Amer. & the Caribbean,Lower middle income,2021,PT_MSW,3,hist_gbr,58.13,58.79263286460842,0.662632864608419,0.662632864608419
PAN,Panama,L. Amer. & the Caribbean,High income,2021,PT_MSW,3,hist_gbr,64.2,98.83224320310578,34.63224320310577,34.63224320310577
PER,Peru,L. Amer. & the Caribbean,Upper middle income,2016,PT_MSW,3,hist_gbr,94.17,72.87980153556462,21.290198464435377,-21.290198464435377
PRY,Paraguay,L. Amer. & the Caribbean,Upper middle income,2021,PT_MSW,3,hist_gbr,57.95,76.54258698084216,18.592586980842157,18.592586980842157
SLV,El Salvador,L. Amer. & the Caribbean,Upper middle income,2020,PT_MSW,3,hist_gbr,71.0,89.1569044459523,18.156904445952307,18.156904445952307
SUR,Suriname,L. Amer. & the Caribbean,Upper middle income,2021,PT_MSW,3,hist_gbr,100.0,75.63172906297628,24.368270937023723,-24.368270937023723
TTO,Trinidad and Tobago,L. Amer. & the Caribbean,High income,2021,PT_MSW,3,hist_gbr,95.03,94.01194773361146,1.018052266388537,-1.018052266388537
URY,Uruguay,L. Amer. & the Caribbean,High income,2021,PT_MSW,3,hist_gbr,100.0,88.96514391104584,11.034856088954157,-11.034856088954157
VEN,"Venezuela, RB",L. Amer. & the Caribbean,Lower middle income,2021,PT_MSW,3,hist_gbr,78.11,68.44301839982002,9.66698160017998,-9.66698160017998
VGB,British Virgin Islands,L. Amer. & the Caribbean,High income,2001,PT_POP,3,hist_gbr,97.2,80.81252476572799,16.387475234272017,-16.387475234272017
ARE,United Arab Emirates,Mid. East & N. Africa,High income,2016,PT_MSW,4,dummy_mean,99.9,69.9815874708071,29.918412529192906,-29.918412529192906
BHR,Bahrain,Mid. East & N. Africa,High income,2022,PT_POP,4,dummy_mean,100.0,69.9815874708071,30.0184125291929,-30.0184125291929
DJI,Djibouti,Mid. East & N. Africa,Lower middle income,2017,PT_POP,4,dummy_mean,77.60000000000001,69.9815874708071,7.618412529192909,-7.618412529192909
DZA,Algeria,Mid. East & N. Africa,Upper middle income,2015,PT_POP,4,dummy_mean,85.0,69.9815874708071,15.0184125291929,-15.0184125291929
EGY,"Egypt, Arab Rep.",Mid. East & N. Africa,Lower middle income,2016,PT_MSW,4,dummy_mean,65.0,69.9815874708071,4.981587470807099,4.981587470807099
IRQ,Iraq,Mid. East & N. Africa,Upper middle income,2019,PT_MSW,4,dummy_mean,58.7,69.9815874708071,11.281587470807096,11.281587470807096
JOR,Jordan,Mid. East & N. Africa,Upper middle income,2016,PT_MSW,4,dummy_mean,84.2,69.9815874708071,14.218412529192904,-14.218412529192904
KWT,Kuwait,Mid. East & N. Africa,High income,2023,PT_POP,4,dummy_mean,100.0,69.9815874708071,30.0184125291929,-30.0184125291929
LBN,Lebanon,Mid. East & N. Africa,Lower middle income,2016,PT_MSW,4,dummy_mean,99.9,69.9815874708071,29.918412529192906,-29.918412529192906
MAR,Morocco,Mid. East & N. Africa,Lower middle income,2021,PT_MSW,4,dummy_mean,96.0,69.9815874708071,26.0184125291929,-26.0184125291929
MLT,Malta,Mid. East & N. Africa,High income,2022,PT_HH,4,dummy_mean,100.0,69.9815874708071,30.0184125291929,-30.0184125291929
OMN,Oman,Mid. East & N. Africa,High income,2021,PT_POP,4,dummy_mean,100.0,69.9815874708071,30.0184125291929,-30.0184125291929
QAT,Qatar,Mid. East & N. Africa,High income,2020,PT_MSW,4,dummy_mean,100.0,69.9815874708071,30.0184125291929,-30.0184125291929
SAU,Saudi Arabia,Mid. East & N. Africa,High income,2016,PT_MSW,4,dummy_mean,100.0,69.9815874708071,30.0184125291929,-30.0184125291929
SYR,Syrian Arab Republic,Mid. East & N. Africa,Low income,2016,PT_MSW,4,dummy_mean,72.5,69.9815874708071,2.5184125291929007,-2.5184125291929007
TUN,Tunisia,Mid. East & N. Africa,Lower middle income,2020,PT_MSW,4,dummy_mean,80.0,69.9815874708071,10.0184125291929,-10.0184125291929
YEM,"Yemen, Rep.",Mid. East & N. Africa,Low income,2016,PT_MSW,4,dummy_mean,17.7,69.9815874708071,52.2815874708071,52.2815874708071
ARE,United Arab Emirates,Mid. East & N. Africa,High income,2016,PT_MSW,4,linear,99.9,100.0,0.09999999999999432,0.09999999999999432
BHR,Bahrain,Mid. East & N. Africa,High income,2022,PT_POP,4,linear,100.0,100.0,0.0,0.0
DJI,Djibouti,Mid. East & N. Africa,Lower middle income,2017,PT_POP,4,linear,77.60000000000001,55.57121832078866,22.02878167921135,-22.02878167921135
DZA,Algeria,Mid. East & N. Africa,Upper middle income,2015,PT_POP,4,linear,85.0,69.11496700112124,15.885032998878756,-15.885032998878756
EGY,"Egypt, Arab Rep.",Mid. East & N. Africa,Lower middle income,2016,PT_MSW,4,linear,65.0,64.42731327078224,0.5726867292177644,-0.5726867292177644
IRQ,Iraq,Mid. East & N. Africa,Upper middle income,2019,PT_MSW,4,linear,58.7,71.0409172685935,12.3409172685935,12.3409172685935
JOR,Jordan,Mid. East & N. Africa,Upper middle income,2016,PT_MSW,4,linear,84.2,68.55818861201566,15.641811387984347,-15.641811387984347
KWT,Kuwait,Mid. East & N. Africa,High income,2023,PT_POP,4,linear,100.0,100.0,0.0,0.0
LBN,Lebanon,Mid. East & N. Africa,Lower middle income,2016,PT_MSW,4,linear,99.9,80.18185156882869,19.718148431171315,-19.718148431171315
MAR,Morocco,Mid. East & N. Africa,Lower middle income,2021,PT_MSW,4,linear,96.0,58.88403671431131,37.11596328568869,-37.11596328568869
MLT,Malta,Mid. East & N. Africa,High income,2022,PT_HH,4,linear,100.0,100.0,0.0,0.0
OMN,Oman,Mid. East & N. Africa,High income,2021,PT_POP,4,linear,100.0,92.79547890820167,7.204521091798327,-7.204521091798327
QAT,Qatar,Mid. East & N. Africa,High income,2020,PT_MSW,4,linear,100.0,100.0,0.0,0.0
SAU,Saudi Arabia,Mid. East & N. Africa,High income,2016,PT_MSW,4,linear,100.0,98.00177632543347,1.9982236745665318,-1.9982236745665318
SYR,Syrian Arab Republic,Mid. East & N. Africa,Low income,2016,PT_MSW,4,linear,72.5,51.37681457796532,21.12318542203468,-21.12318542203468
TUN,Tunisia,Mid. East & N. Africa,Lower middle income,2020,PT_MSW,4,linear,80.0,68.16734356495452,11.832656435045479,-11.832656435045479
YEM,"Yemen, Rep.",Mid. East & N. Africa,Low income,2016,PT_MSW,4,linear,17.7,64.62012245221193,46.92012245221193,46.92012245221193
ARE,United Arab Emirates,Mid. East & N. Africa,High income,2016,PT_MSW,4,ridge,99.9,100.0,0.09999999999999432,0.09999999999999432
BHR,Bahrain,Mid. East & N. Africa,High income,2022,PT_POP,4,ridge,100.0,100.0,0.0,0.0
DJI,Djibouti,Mid. East & N. Africa,Lower middle income,2017,PT_POP,4,ridge,77.60000000000001,55.85346839008557,21.74653160991444,-21.74653160991444
DZA,Algeria,Mid. East & N. Africa,Upper middle income,2015,PT_POP,4,ridge,85.0,69.15072795587412,15.849272044125883,-15.849272044125883
EGY,"Egypt, Arab Rep.",Mid. East & N. Africa,Lower middle income,2016,PT_MSW,4,ridge,65.0,64.32934212123845,0.6706578787615456,-0.6706578787615456
IRQ,Iraq,Mid. East & N. Africa,Upper middle income,2019,PT_MSW,4,ridge,58.7,71.07807354897324,12.378073548973234,12.378073548973234
JOR,Jordan,Mid. East & N. Africa,Upper middle income,2016,PT_MSW,4,ridge,84.2,68.80136657784226,15.398633422157744,-15.398633422157744
KWT,Kuwait,Mid. East & N. Africa,High income,2023,PT_POP,4,ridge,100.0,100.0,0.0,0.0
LBN,Lebanon,Mid. East & N. Africa,Lower middle income,2016,PT_MSW,4,ridge,99.9,80.31218552443394,19.587814475566063,-19.587814475566063
MAR,Morocco,Mid. East & N. Africa,Lower middle income,2021,PT_MSW,4,ridge,96.0,59.008035990675594,36.991964009324406,-36.991964009324406
MLT,Malta,Mid. East & N. Africa,High income,2022,PT_HH,4,ridge,100.0,100.0,0.0,0.0
OMN,Oman,Mid. East & N. Africa,High income,2021,PT_POP,4,ridge,100.0,92.6650424267092,7.334957573290794,-7.334957573290794
QAT,Qatar,Mid. East & N. Africa,High income,2020,PT_MSW,4,ridge,100.0,100.0,0.0,0.0
SAU,Saudi Arabia,Mid. East & N. Africa,High income,2016,PT_MSW,4,ridge,100.0,97.79752405164216,2.2024759483578435,-2.2024759483578435
SYR,Syrian Arab Republic,Mid. East & N. Africa,Low income,2016,PT_MSW,4,ridge,72.5,51.69592104886105,20.804078951138948,-20.804078951138948
TUN,Tunisia,Mid. East & N. Africa,Lower middle income,2020,PT_MSW,4,ridge,80.0,68.25148179533193,11.748518204668073,-11.748518204668073
YEM,"Yemen, Rep.",Mid. East & N. Africa,Low income,2016,PT_MSW,4,ridge,17.7,64.4638094688425,46.763809468842496,46.763809468842496
ARE,United Arab Emirates,Mid. East & N. Africa,High income,2016,PT_MSW,4,random_forest,99.9,98.93911396792146,0.9608860320785482,-0.9608860320785482
BHR,Bahrain,Mid. East & N. Africa,High income,2022,PT_POP,4,random_forest,100.0,99.47676540916284,0.5232345908371627,-0.5232345908371627
DJI,Djibouti,Mid. East & N. Africa,Lower middle income,2017,PT_POP,4,random_forest,77.60000000000001,63.27659222725018,14.323407772749832,-14.323407772749832
DZA,Algeria,Mid. East & N. Africa,Upper middle income,2015,PT_POP,4,random_forest,85.0,70.86604249529213,14.133957504707865,-14.133957504707865
EGY,"Egypt, Arab Rep.",Mid. East & N. Africa,Lower middle income,2016,PT_MSW,4,random_forest,65.0,69.47409579522011,4.474095795220109,4.474095795220109
IRQ,Iraq,Mid. East & N. Africa,Upper middle income,2019,PT_MSW,4,random_forest,58.7,77.67392277396142,18.97392277396142,18.97392277396142
JOR,Jordan,Mid. East & N. Africa,Upper middle income,2016,PT_MSW,4,random_forest,84.2,77.2656666733243,6.934333326675699,-6.934333326675699
KWT,Kuwait,Mid. East & N. Africa,High income,2023,PT_POP,4,random_forest,100.0,99.2749305274829,0.7250694725171059,-0.7250694725171059
LBN,Lebanon,Mid. East & N. Africa,Lower middle income,2016,PT_MSW,4,random_forest,99.9,89.29866164155113,10.60133835844887,-10.60133835844887
MAR,Morocco,Mid. East & N. Africa,Lower middle income,2021,PT_MSW,4,random_forest,96.0,58.8238565220247,37.1761434779753,-37.1761434779753
MLT,Malta,Mid. East & N. Africa,High income,2022,PT_HH,4,random_forest,100.0,99.40220546272374,0.5977945372762576,-0.5977945372762576
OMN,Oman,Mid. East & N. Africa,High income,2021,PT_POP,4,random_forest,100.0,93.29666497063897,6.703335029361028,-6.703335029361028
QAT,Qatar,Mid. East & N. Africa,High income,2020,PT_MSW,4,random_forest,100.0,99.52064186872789,0.47935813127210736,-0.47935813127210736
SAU,Saudi Arabia,Mid. East & N. Africa,High income,2016,PT_MSW,4,random_forest,100.0,94.0646564703937,5.9353435296063,-5.9353435296063
SYR,Syrian Arab Republic,Mid. East & N. Africa,Low income,2016,PT_MSW,4,random_forest,72.5,65.87139380975546,6.62860619024454,-6.62860619024454
TUN,Tunisia,Mid. East & N. Africa,Lower middle income,2020,PT_MSW,4,random_forest,80.0,69.06025522751598,10.939744772484019,-10.939744772484019
YEM,"Yemen, Rep.",Mid. East & N. Africa,Low income,2016,PT_MSW,4,random_forest,17.7,67.93300292231586,50.23300292231586,50.23300292231586
ARE,United Arab Emirates,Mid. East & N. Africa,High income,2016,PT_MSW,4,hist_gbr,99.9,99.36587770353017,0.5341222964698318,-0.5341222964698318
BHR,Bahrain,Mid. East & N. Africa,High income,2022,PT_POP,4,hist_gbr,100.0,100.0,0.0,0.0
DJI,Djibouti,Mid. East & N. Africa,Lower middle income,2017,PT_POP,4,hist_gbr,77.60000000000001,61.90410624412345,15.695893755876561,-15.695893755876561
DZA,Algeria,Mid. East & N. Africa,Upper middle income,2015,PT_POP,4,hist_gbr,85.0,78.47580883199262,6.524191168007377,-6.524191168007377
EGY,"Egypt, Arab Rep.",Mid. East & N. Africa,Lower middle income,2016,PT_MSW,4,hist_gbr,65.0,71.66226491778826,6.662264917788264,6.662264917788264
IRQ,Iraq,Mid. East & N. Africa,Upper middle income,2019,PT_MSW,4,hist_gbr,58.7,84.99028966552717,26.29028966552717,26.29028966552717
JOR,Jordan,Mid. East & N. Africa,Upper middle income,2016,PT_MSW,4,hist_gbr,84.2,66.40670670843967,17.79329329156033,-17.79329329156033
KWT,Kuwait,Mid. East & N. Africa,High income,2023,PT_POP,4,hist_gbr,100.0,96.34553814748885,3.6544618525111474,-3.6544618525111474
LBN,Lebanon,Mid. East & N. Africa,Lower middle income,2016,PT_MSW,4,hist_gbr,99.9,86.69369206619542,13.206307933804581,-13.206307933804581
MAR,Morocco,Mid. East & N. Africa,Lower middle income,2021,PT_MSW,4,hist_gbr,96.0,55.91739841143109,40.08260158856891,-40.08260158856891
MLT,Malta,Mid. East & N. Africa,High income,2022,PT_HH,4,hist_gbr,100.0,97.45080146483323,2.5491985351667665,-2.5491985351667665
OMN,Oman,Mid. East & N. Africa,High income,2021,PT_POP,4,hist_gbr,100.0,92.65097827511372,7.349021724886285,-7.349021724886285
QAT,Qatar,Mid. East & N. Africa,High income,2020,PT_MSW,4,hist_gbr,100.0,99.45759208852522,0.5424079114747826,-0.5424079114747826
SAU,Saudi Arabia,Mid. East & N. Africa,High income,2016,PT_MSW,4,hist_gbr,100.0,95.66073563492179,4.339264365078208,-4.339264365078208
SYR,Syrian Arab Republic,Mid. East & N. Africa,Low income,2016,PT_MSW,4,hist_gbr,72.5,61.41883764196069,11.081162358039307,-11.081162358039307
TUN,Tunisia,Mid. East & N. Africa,Lower middle income,2020,PT_MSW,4,hist_gbr,80.0,68.77515696165887,11.224843038341135,-11.224843038341135
YEM,"Yemen, Rep.",Mid. East & N. Africa,Low income,2016,PT_MSW,4,hist_gbr,17.7,84.79439764769,67.09439764769,67.09439764769
BMU,Bermuda,N. Amer.,High income,2019,PT_POP,5,dummy_mean,100.0,71.21037818092482,28.78962181907518,-28.78962181907518
USA,United States,N. Amer.,High income,2005,PT_POP,5,dummy_mean,100.0,71.21037818092482,28.78962181907518,-28.78962181907518
BMU,Bermuda,N. Amer.,High income,2019,PT_POP,5,linear,100.0,100.0,0.0,0.0
USA,United States,N. Amer.,High income,2005,PT_POP,5,linear,100.0,94.38561271366741,5.614387286332587,-5.614387286332587
BMU,Bermuda,N. Amer.,High income,2019,PT_POP,5,ridge,100.0,100.0,0.0,0.0
USA,United States,N. Amer.,High income,2005,PT_POP,5,ridge,100.0,94.36810250514772,5.631897494852282,-5.631897494852282
BMU,Bermuda,N. Amer.,High income,2019,PT_POP,5,random_forest,100.0,98.90047514117693,1.0995248588230737,-1.0995248588230737
USA,United States,N. Amer.,High income,2005,PT_POP,5,random_forest,100.0,95.96802730442553,4.031972695574467,-4.031972695574467
BMU,Bermuda,N. Amer.,High income,2019,PT_POP,5,hist_gbr,100.0,100.0,0.0,0.0
USA,United States,N. Amer.,High income,2005,PT_POP,5,hist_gbr,100.0,98.08971261185287,1.9102873881471254,-1.9102873881471254
AFG,Afghanistan,S. Asia,Low income,2017,PT_MSW,6,dummy_mean,59.2,71.98166866020696,12.781668660206961,12.781668660206961
BGD,Bangladesh,S. Asia,Lower middle income,2021,PT_MSW,6,dummy_mean,80.63,71.98166866020696,8.648331339793032,-8.648331339793032
BTN,Bhutan,S. Asia,Lower middle income,2019,PT_MSW,6,dummy_mean,67.1738591103542,71.98166866020696,4.807809549852763,4.807809549852763
IND,India,S. Asia,Lower middle income,2020,PT_MSW,6,dummy_mean,95.44,71.98166866020696,23.458331339793034,-23.458331339793034
LKA,Sri Lanka,S. Asia,Upper middle income,2021,PT_MSW,6,dummy_mean,47.35,71.98166866020696,24.631668660206962,24.631668660206962
MDV,Maldives,S. Asia,Upper middle income,2016,PT_MSW,6,dummy_mean,79.0,71.98166866020696,7.018331339793036,-7.018331339793036
NPL,Nepal,S. Asia,Lower middle income,2013,PT_MSW,6,dummy_mean,62.3,71.98166866020696,9.681668660206967,9.681668660206967
PAK,Pakistan,S. Asia,Lower middle income,2021,PT_HH,6,dummy_mean,23.56,71.98166866020696,48.42166866020696,48.42166866020696
AFG,Afghanistan,S. Asia,Low income,2017,PT_MSW,6,linear,59.2,29.850731175107313,29.34926882489269,-29.34926882489269
BGD,Bangladesh,S. Asia,Lower middle income,2021,PT_MSW,6,linear,80.63,46.806297777197415,33.82370222280258,-33.82370222280258
BTN,Bhutan,S. Asia,Lower middle income,2019,PT_MSW,6,linear,67.1738591103542,70.66917875863888,3.495319648284678,3.495319648284678
IND,India,S. Asia,Lower middle income,2020,PT_MSW,6,linear,95.44,41.61587921727877,53.82412078272123,-53.82412078272123
LKA,Sri Lanka,S. Asia,Upper middle income,2021,PT_MSW,6,linear,47.35,60.21004926226406,12.860049262264056,12.860049262264056
MDV,Maldives,S. Asia,Upper middle income,2016,PT_MSW,6,linear,79.0,79.33322823693793,0.33322823693792714,0.33322823693792714
NPL,Nepal,S. Asia,Lower middle income,2013,PT_MSW,6,linear,62.3,42.55090483961715,19.74909516038285,-19.74909516038285
PAK,Pakistan,S. Asia,Lower middle income,2021,PT_HH,6,linear,23.56,40.64874077890218,17.08874077890218,17.08874077890218
AFG,Afghanistan,S. Asia,Low income,2017,PT_MSW,6,ridge,59.2,30.0224577623532,29.177542237646804,-29.177542237646804
BGD,Bangladesh,S. Asia,Lower middle income,2021,PT_MSW,6,ridge,80.63,46.87105207966954,33.758947920330456,-33.758947920330456
BTN,Bhutan,S. Asia,Lower middle income,2019,PT_MSW,6,ridge,67.1738591103542,70.55348211102961,3.3796230006754087,3.3796230006754087
IND,India,S. Asia,Lower middle income,2020,PT_MSW,6,ridge,95.44,41.706255150721766,53.73374484927823,-53.73374484927823
LKA,Sri Lanka,S. Asia,Upper middle income,2021,PT_MSW,6,ridge,47.35,60.07908346955386,12.729083469553856,12.729083469553856
MDV,Maldives,S. Asia,Upper middle income,2016,PT_MSW,6,ridge,79.0,79.19802047849417,0.19802047849417193,0.19802047849417193
NPL,Nepal,S. Asia,Lower middle income,2013,PT_MSW,6,ridge,62.3,42.85274758132768,19.44725241867232,-19.44725241867232
PAK,Pakistan,S. Asia,Lower middle income,2021,PT_HH,6,ridge,23.56,40.78964424807441,17.22964424807441,17.22964424807441
AFG,Afghanistan,S. Asia,Low income,2017,PT_MSW,6,random_forest,59.2,22.009167111871353,37.190832888128654,-37.190832888128654
BGD,Bangladesh,S. Asia,Lower middle income,2021,PT_MSW,6,random_forest,80.63,57.84881586416975,22.781184135830244,-22.781184135830244
BTN,Bhutan,S. Asia,Lower middle income,2019,PT_MSW,6,random_forest,67.1738591103542,64.61777549905102,2.5560836113031797,-2.5560836113031797
IND,India,S. Asia,Lower middle income,2020,PT_MSW,6,random_forest,95.44,56.70585650113988,38.73414349886012,-38.73414349886012
LKA,Sri Lanka,S. Asia,Upper middle income,2021,PT_MSW,6,random_forest,47.35,65.66171372854323,18.311713728543232,18.311713728543232
MDV,Maldives,S. Asia,Upper middle income,2016,PT_MSW,6,random_forest,79.0,90.18269554548634,11.18269554548634,11.18269554548634
NPL,Nepal,S. Asia,Lower middle income,2013,PT_MSW,6,random_forest,62.3,48.94586764283264,13.354132357167359,-13.354132357167359
PAK,Pakistan,S. Asia,Lower middle income,2021,PT_HH,6,random_forest,23.56,55.34525529527094,31.78525529527094,31.78525529527094
AFG,Afghanistan,S. Asia,Low income,2017,PT_MSW,6,hist_gbr,59.2,31.2360037039286,27.963996296071404,-27.963996296071404
BGD,Bangladesh,S. Asia,Lower middle income,2021,PT_MSW,6,hist_gbr,80.63,61.858234223898094,18.7717657761019,-18.7717657761019
BTN,Bhutan,S. Asia,Lower middle income,2019,PT_MSW,6,hist_gbr,67.1738591103542,65.24417957860217,1.9296795317520292,-1.9296795317520292
IND,India,S. Asia,Lower middle income,2020,PT_MSW,6,hist_gbr,95.44,59.49616922057592,35.943830779424076,-35.943830779424076
LKA,Sri Lanka,S. Asia,Upper middle income,2021,PT_MSW,6,hist_gbr,47.35,58.58240017269467,11.232400172694668,11.232400172694668
MDV,Maldives,S. Asia,Upper middle income,2016,PT_MSW,6,hist_gbr,79.0,98.10927560529547,19.109275605295466,19.109275605295466
NPL,Nepal,S. Asia,Lower middle income,2013,PT_MSW,6,hist_gbr,62.3,22.367075767746794,39.9329242322532,-39.9329242322532
PAK,Pakistan,S. Asia,Lower middle income,2021,PT_HH,6,hist_gbr,23.56,61.23967135109045,37.67967135109045,37.67967135109045
AGO,Angola,Sub-Saharan Africa,Lower middle income,2011,PT_POP,7,dummy_mean,23.1,80.52559012828279,57.425590128282785,57.425590128282785
BFA,Burkina Faso,Sub-Saharan Africa,Low income,2007,PT_POP,7,dummy_mean,9.1,80.52559012828279,71.42559012828279,71.42559012828279
BWA,Botswana,Sub-Saharan Africa,Upper middle income,2017,PT_MSW,7,dummy_mean,76.3148962655602,80.52559012828279,4.210693862722593,4.210693862722593
CIV,Cote d'Ivoire,Sub-Saharan Africa,Lower middle income,2019,PT_HH,7,dummy_mean,17.5,80.52559012828279,63.025590128282786,63.025590128282786
CMR,Cameroon,Sub-Saharan Africa,Lower middle income,2009,PT_POP,7,dummy_mean,61.6,80.52559012828279,18.925590128282785,18.925590128282785
COG,"Congo, Rep.",Sub-Saharan Africa,Lower middle income,2012,PT_MSW,7,dummy_mean,43.106796116504896,80.52559012828279,37.41879401177789,37.41879401177789
COM,Comoros,Sub-Saharan Africa,Lower middle income,2018,PT_HH,7,dummy_mean,38.3,80.52559012828279,42.22559012828279,42.22559012828279
CPV,Cabo Verde,Sub-Saharan Africa,Upper middle income,2019,PT_POP,7,dummy_mean,82.1,80.52559012828279,1.574409871717208,-1.574409871717208
ETH,Ethiopia,Sub-Saharan Africa,Low income,2022,PT_MSW,7,dummy_mean,40.0,80.52559012828279,40.525590128282786,40.525590128282786
GAB,Gabon,Sub-Saharan Africa,Upper middle income,2013,PT_HH,7,dummy_mean,53.3,80.52559012828279,27.22559012828279,27.22559012828279
GHA,Ghana,Sub-Saharan Africa,Lower middle income,2021,PT_HH,7,dummy_mean,33.4,80.52559012828279,47.12559012828279,47.12559012828279
GIN,Guinea,Sub-Saharan Africa,Lower middle income,2018,PT_POP,7,dummy_mean,9.7,80.52559012828279,70.82559012828278,70.82559012828278
GMB,"Gambia, The",Sub-Saharan Africa,Low income,2013,PT_HH,7,dummy_mean,32.6,80.52559012828279,47.925590128282785,47.925590128282785
KEN,Kenya,Sub-Saharan Africa,Lower middle income,2021,PT_MSW,7,dummy_mean,68.2393855962904,80.52559012828279,12.286204531992382,12.286204531992382
LSO,Lesotho,Sub-Saharan Africa,Lower middle income,2016,PT_HH,7,dummy_mean,5.800000000000001,80.52559012828279,74.72559012828279,74.72559012828279
MDG,Madagascar,Sub-Saharan Africa,Low income,2007,PT_POP,7,dummy_mean,17.7,80.52559012828279,62.825590128282784,62.825590128282784
MLI,Mali,Sub-Saharan Africa,Low income,2009,PT_MSW,7,dummy_mean,20.0,80.52559012828279,60.525590128282786,60.525590128282786
MOZ,Mozambique,Sub-Saharan Africa,Low income,2017,PT_MSW,7,dummy_mean,25.0,80.52559012828279,55.525590128282786,55.525590128282786
MUS,Mauritius,Sub-Saharan Africa,Upper middle income,2021,PT_POP,7,dummy_mean,100.0,80.52559012828279,19.474409871717214,-19.474409871717214
MWI,Malawi,Sub-Saharan Africa,Low income,2018,PT_HH,7,dummy_mean,3.62,80.52559012828279,76.90559012828278,76.90559012828278
NAM,Namibia,Sub-Saharan Africa,Lower middle income,2016,PT_HH,7,dummy_mean,39.900000000000006,80.52559012828279,40.62559012828278,40.62559012828278
NGA,Nigeria,Sub-Saharan Africa,Lower middle income,2021,PT_MSW,7,dummy_mean,20.0,80.52559012828279,60.525590128282786,60.525590128282786
RWA,Rwanda,Sub-Saharan Africa,Low income,2019,PT_HH,7,dummy_mean,12.1,80.52559012828279,68.42559012828279,68.42559012828279
SDN,Sudan,Sub-Saharan Africa,Low income,2018,PT_MSW,7,dummy_mean,33.0,80.52559012828279,47.525590128282786,47.525590128282786
SEN,Senegal,Sub-Saharan Africa,Lower middle income,2015,PT_MSW,7,dummy_mean,54.0,80.52559012828279,26.525590128282786,26.525590128282786
SLE,Sierra Leone,Sub-Saharan Africa,Low income,2018,PT_HH,7,dummy_mean,10.8,80.52559012828279,69.72559012828279,69.72559012828279
STP,Sao Tome and Principe,Sub-Saharan Africa,Lower middle income,2021,PT_MSW,7,dummy_mean,38.0,80.52559012828279,42.525590128282786,42.525590128282786
SWZ,Eswatini,Sub-Saharan Africa,Lower middle income,2017,PT_MSW,7,dummy_mean,46.0,80.52559012828279,34.525590128282786,34.525590128282786
SYC,Seychelles,Sub-Saharan Africa,High income,2017,PT_MSW,7,dummy_mean,90.0,80.52559012828279,9.474409871717214,-9.474409871717214
TZA,Tanzania,Sub-Saharan Africa,Lower middle income,2022,PT_HH,7,dummy_mean,21.9,80.52559012828279,58.62559012828279,58.62559012828279
ZAF,South Africa,Sub-Saharan Africa,Upper middle income,2023,PT_MSW,7,dummy_mean,68.60000000000001,80.52559012828279,11.925590128282778,11.925590128282778
ZMB,Zambia,Sub-Saharan Africa,Lower middle income,2016,PT_MSW,7,dummy_mean,6.3,80.52559012828279,74.22559012828279,74.22559012828279
ZWE,Zimbabwe,Sub-Saharan Africa,Lower middle income,2021,PT_POP,7,dummy_mean,79.3,80.52559012828279,1.2255901282827892,1.2255901282827892
AGO,Angola,Sub-Saharan Africa,Lower middle income,2011,PT_POP,7,linear,23.1,70.13429798975066,47.03429798975066,47.03429798975066
BFA,Burkina Faso,Sub-Saharan Africa,Low income,2007,PT_POP,7,linear,9.1,38.40624811432217,29.306248114322166,29.306248114322166
BWA,Botswana,Sub-Saharan Africa,Upper middle income,2017,PT_MSW,7,linear,76.3148962655602,79.16380381154914,2.8489075459889506,2.8489075459889506
CIV,Cote d'Ivoire,Sub-Saharan Africa,Lower middle income,2019,PT_HH,7,linear,17.5,60.68066802169011,43.18066802169011,43.18066802169011
CMR,Cameroon,Sub-Saharan Africa,Lower middle income,2009,PT_POP,7,linear,61.6,56.429006120180254,5.170993879819747,-5.170993879819747
COG,"Congo, Rep.",Sub-Saharan Africa,Lower middle income,2012,PT_MSW,7,linear,43.106796116504896,70.0760190279363,26.9692229114314,26.9692229114314
COM,Comoros,Sub-Saharan Africa,Lower middle income,2018,PT_HH,7,linear,38.3,54.74833809978955,16.448338099789552,16.448338099789552
CPV,Cabo Verde,Sub-Saharan Africa,Upper middle income,2019,PT_POP,7,linear,82.1,76.88082979556515,5.219170204434846,-5.219170204434846
ETH,Ethiopia,Sub-Saharan Africa,Low income,2022,PT_MSW,7,linear,40.0,41.421335626806815,1.4213356268068154,1.4213356268068154
GAB,Gabon,Sub-Saharan Africa,Upper middle income,2013,PT_HH,7,linear,53.3,87.03086688702699,33.73086688702699,33.73086688702699
GHA,Ghana,Sub-Saharan Africa,Lower middle income,2021,PT_HH,7,linear,33.4,63.670281771522475,30.270281771522477,30.270281771522477
GIN,Guinea,Sub-Saharan Africa,Lower middle income,2018,PT_POP,7,linear,9.7,50.577836251173935,40.87783625117393,40.87783625117393
GMB,"Gambia, The",Sub-Saharan Africa,Low income,2013,PT_HH,7,linear,32.6,56.056173473796996,23.456173473796994,23.456173473796994
KEN,Kenya,Sub-Saharan Africa,Lower middle income,2021,PT_MSW,7,linear,68.2393855962904,53.344153478059305,14.8952321182311,-14.8952321182311
LSO,Lesotho,Sub-Saharan Africa,Lower middle income,2016,PT_HH,7,linear,5.800000000000001,51.47555186464529,45.675551864645286,45.675551864645286
MDG,Madagascar,Sub-Saharan Africa,Low income,2007,PT_POP,7,linear,17.7,38.76632217190928,21.06632217190928,21.06632217190928
MLI,Mali,Sub-Saharan Africa,Low income,2009,PT_MSW,7,linear,20.0,42.20848230155215,22.208482301552152,22.208482301552152
MOZ,Mozambique,Sub-Saharan Africa,Low income,2017,PT_MSW,7,linear,25.0,38.31707991090917,13.317079910909172,13.317079910909172
MUS,Mauritius,Sub-Saharan Africa,Upper middle income,2021,PT_POP,7,linear,100.0,79.78770064821877,20.212299351781226,-20.212299351781226
MWI,Malawi,Sub-Saharan Africa,Low income,2018,PT_HH,7,linear,3.62,36.5056509605284,32.8856509605284,32.8856509605284
NAM,Namibia,Sub-Saharan Africa,Lower middle income,2016,PT_HH,7,linear,39.900000000000006,68.91960755417658,29.019607554176574,29.019607554176574
NGA,Nigeria,Sub-Saharan Africa,Lower middle income,2021,PT_MSW,7,linear,20.0,64.33461189429295,44.33461189429295,44.33461189429295
RWA,Rwanda,Sub-Saharan Africa,Low income,2019,PT_HH,7,linear,12.1,45.97223487024778,33.87223487024778,33.87223487024778
SDN,Sudan,Sub-Saharan Africa,Low income,2018,PT_MSW,7,linear,33.0,49.275370297899165,16.275370297899165,16.275370297899165
SEN,Senegal,Sub-Saharan Africa,Lower middle income,2015,PT_MSW,7,linear,54.0,53.91351958468283,0.08648041531716899,-0.08648041531716899
SLE,Sierra Leone,Sub-Saharan Africa,Low income,2018,PT_HH,7,linear,10.8,50.65922114013774,39.859221140137734,39.859221140137734
STP,Sao Tome and Principe,Sub-Saharan Africa,Lower middle income,2021,PT_MSW,7,linear,38.0,71.7033437741355,33.703343774135504,33.703343774135504
SWZ,Eswatini,Sub-Saharan Africa,Lower middle income,2017,PT_MSW,7,linear,46.0,63.45931787984792,17.459317879847923,17.459317879847923
SYC,Seychelles,Sub-Saharan Africa,High income,2017,PT_MSW,7,linear,90.0,87.4344016300096,2.565598369990397,-2.565598369990397
TZA,Tanzania,Sub-Saharan Africa,Lower middle income,2022,PT_HH,7,linear,21.9,48.7767713619416,26.8767713619416,26.8767713619416
ZAF,South Africa,Sub-Saharan Africa,Upper middle income,2023,PT_MSW,7,linear,68.60000000000001,72.99759821953982,4.397598219539816,4.397598219539816
ZMB,Zambia,Sub-Saharan Africa,Lower middle income,2016,PT_MSW,7,linear,6.3,51.858455889147926,45.55845588914793,45.55845588914793
ZWE,Zimbabwe,Sub-Saharan Africa,Lower middle income,2021,PT_POP,7,linear,79.3,54.82575776329368,24.474242236706317,-24.474242236706317
AGO,Angola,Sub-Saharan Africa,Lower middle income,2011,PT_POP,7,ridge,23.1,70.70266563057395,47.602665630573945,47.602665630573945
BFA,Burkina Faso,Sub-Saharan Africa,Low income,2007,PT_POP,7,ridge,9.1,40.74229459779096,31.642294597790958,31.642294597790958
BWA,Botswana,Sub-Saharan Africa,Upper middle income,2017,PT_MSW,7,ridge,76.3148962655602,79.02230303689011,2.7074067713299144,2.7074067713299144
CIV,Cote d'Ivoire,Sub-Saharan Africa,Lower middle income,2019,PT_HH,7,ridge,17.5,61.92142757980756,44.42142757980756,44.42142757980756
CMR,Cameroon,Sub-Saharan Africa,Lower middle income,2009,PT_POP,7,ridge,61.6,57.90045184320031,3.6995481567996933,-3.6995481567996933
COG,"Congo, Rep.",Sub-Saharan Africa,Lower middle income,2012,PT_MSW,7,ridge,43.106796116504896,70.65879934162542,27.55200322512053,27.55200322512053
COM,Comoros,Sub-Saharan Africa,Lower middle income,2018,PT_HH,7,ridge,38.3,56.21587927045044,17.915879270450446,17.915879270450446
CPV,Cabo Verde,Sub-Saharan Africa,Upper middle income,2019,PT_POP,7,ridge,82.1,77.33206038659831,4.76793961340168,-4.76793961340168
ETH,Ethiopia,Sub-Saharan Africa,Low income,2022,PT_MSW,7,ridge,40.0,43.587456530973995,3.587456530973995,3.587456530973995
GAB,Gabon,Sub-Saharan Africa,Upper middle income,2013,PT_HH,7,ridge,53.3,86.74796167962822,33.44796167962822,33.44796167962822
GHA,Ghana,Sub-Saharan Africa,Lower middle income,2021,PT_HH,7,ridge,33.4,64.8317173739295,31.431717373929494,31.431717373929494
GIN,Guinea,Sub-Saharan Africa,Lower middle income,2018,PT_POP,7,ridge,9.7,52.23772187172938,42.537721871729374,42.537721871729374
GMB,"Gambia, The",Sub-Saharan Africa,Low income,2013,PT_HH,7,ridge,32.6,57.857853404174236,25.257853404174234,25.257853404174234
KEN,Kenya,Sub-Saharan Africa,Lower middle income,2021,PT_MSW,7,ridge,68.2393855962904,54.759358360740706,13.480027235549699,-13.480027235549699
LSO,Lesotho,Sub-Saharan Africa,Lower middle income,2016,PT_HH,7,ridge,5.800000000000001,53.09531176899135,47.295311768991354,47.295311768991354
MDG,Madagascar,Sub-Saharan Africa,Low income,2007,PT_POP,7,ridge,17.7,41.11022090923717,23.41022090923717,23.41022090923717
MLI,Mali,Sub-Saharan Africa,Low income,2009,PT_MSW,7,ridge,20.0,44.11938243376741,24.119382433767413,24.119382433767413
MOZ,Mozambique,Sub-Saharan Africa,Low income,2017,PT_MSW,7,ridge,25.0,40.80148421972536,15.80148421972536,15.80148421972536
MUS,Mauritius,Sub-Saharan Africa,Upper middle income,2021,PT_POP,7,ridge,100.0,79.55599616003882,20.444003839961184,-20.444003839961184
MWI,Malawi,Sub-Saharan Africa,Low income,2018,PT_HH,7,ridge,3.62,38.974426796293685,35.35442679629369,35.35442679629369
NAM,Namibia,Sub-Saharan Africa,Lower middle income,2016,PT_HH,7,ridge,39.900000000000006,69.15314150645133,29.25314150645133,29.25314150645133
NGA,Nigeria,Sub-Saharan Africa,Lower middle income,2021,PT_MSW,7,ridge,20.0,65.56263982732149,45.56263982732149,45.56263982732149
RWA,Rwanda,Sub-Saharan Africa,Low income,2019,PT_HH,7,ridge,12.1,47.9534004364758,35.8534004364758,35.8534004364758
SDN,Sudan,Sub-Saharan Africa,Low income,2018,PT_MSW,7,ridge,33.0,50.9293724832561,17.929372483256103,17.929372483256103
SEN,Senegal,Sub-Saharan Africa,Lower middle income,2015,PT_MSW,7,ridge,54.0,55.554582305758544,1.5545823057585437,1.5545823057585437
SLE,Sierra Leone,Sub-Saharan Africa,Low income,2018,PT_HH,7,ridge,10.8,52.50052646545674,41.70052646545673,41.70052646545673
STP,Sao Tome and Principe,Sub-Saharan Africa,Lower middle income,2021,PT_MSW,7,ridge,38.0,72.53764398172096,34.53764398172096,34.53764398172096
SWZ,Eswatini,Sub-Saharan Africa,Lower middle income,2017,PT_MSW,7,ridge,46.0,63.95513939699618,17.95513939699618,17.95513939699618
SYC,Seychelles,Sub-Saharan Africa,High income,2017,PT_MSW,7,ridge,90.0,86.61293511102888,3.387064888971125,-3.387064888971125
TZA,Tanzania,Sub-Saharan Africa,Lower middle income,2022,PT_HH,7,ridge,21.9,50.58021193075736,28.68021193075736,28.68021193075736
ZAF,South Africa,Sub-Saharan Africa,Upper middle income,2023,PT_MSW,7,ridge,68.60000000000001,73.49055968118742,4.890559681187412,4.890559681187412
ZMB,Zambia,Sub-Saharan Africa,Lower middle income,2016,PT_MSW,7,ridge,6.3,53.46761733322981,47.16761733322981,47.16761733322981
ZWE,Zimbabwe,Sub-Saharan Africa,Lower middle income,2021,PT_POP,7,ridge,79.3,56.18153801675806,23.118461983241936,-23.118461983241936
AGO,Angola,Sub-Saharan Africa,Lower middle income,2011,PT_POP,7,random_forest,23.1,71.40318987860444,48.303189878604435,48.303189878604435
BFA,Burkina Faso,Sub-Saharan Africa,Low income,2007,PT_POP,7,random_forest,9.1,40.075388809523744,30.975388809523743,30.975388809523743
BWA,Botswana,Sub-Saharan Africa,Upper middle income,2017,PT_MSW,7,random_forest,76.3148962655602,81.12735827136235,4.8124620058021605,4.8124620058021605
CIV,Cote d'Ivoire,Sub-Saharan Africa,Lower middle income,2019,PT_HH,7,random_forest,17.5,60.62937680698417,43.12937680698417,43.12937680698417
CMR,Cameroon,Sub-Saharan Africa,Lower middle income,2009,PT_POP,7,random_forest,61.6,49.106704116472194,12.493295883527807,-12.493295883527807
COG,"Congo, Rep.",Sub-Saharan Africa,Lower middle income,2012,PT_MSW,7,random_forest,43.106796116504896,69.76005827959472,26.65326216308982,26.65326216308982
COM,Comoros,Sub-Saharan Africa,Lower middle income,2018,PT_HH,7,random_forest,38.3,46.3169851837582,8.016985183758202,8.016985183758202
CPV,Cabo Verde,Sub-Saharan Africa,Upper middle income,2019,PT_POP,7,random_forest,82.1,79.36578144229414,2.7342185577058586,-2.7342185577058586
ETH,Ethiopia,Sub-Saharan Africa,Low income,2022,PT_MSW,7,random_forest,40.0,42.67745313492053,2.6774531349205333,2.6774531349205333
GAB,Gabon,Sub-Saharan Africa,Upper middle income,2013,PT_HH,7,random_forest,53.3,92.23055391764642,38.93055391764642,38.93055391764642
GHA,Ghana,Sub-Saharan Africa,Lower middle income,2021,PT_HH,7,random_forest,33.4,62.95864521799632,29.55864521799632,29.55864521799632
GIN,Guinea,Sub-Saharan Africa,Lower middle income,2018,PT_POP,7,random_forest,9.7,45.212179155371146,35.51217915537114,35.51217915537114
GMB,"Gambia, The",Sub-Saharan Africa,Low income,2013,PT_HH,7,random_forest,32.6,52.44766096134113,19.847660961341127,19.847660961341127
KEN,Kenya,Sub-Saharan Africa,Lower middle income,2021,PT_MSW,7,random_forest,68.2393855962904,50.94202227776441,17.297363318525996,-17.297363318525996
LSO,Lesotho,Sub-Saharan Africa,Lower middle income,2016,PT_HH,7,random_forest,5.800000000000001,48.09763221108093,42.29763221108092,42.29763221108092
MDG,Madagascar,Sub-Saharan Africa,Low income,2007,PT_POP,7,random_forest,17.7,45.987580588613184,28.287580588613185,28.287580588613185
MLI,Mali,Sub-Saharan Africa,Low income,2009,PT_MSW,7,random_forest,20.0,28.723782065955888,8.723782065955888,8.723782065955888
MOZ,Mozambique,Sub-Saharan Africa,Low income,2017,PT_MSW,7,random_forest,25.0,50.202968469538966,25.202968469538966,25.202968469538966
MUS,Mauritius,Sub-Saharan Africa,Upper middle income,2021,PT_POP,7,random_forest,100.0,84.01995627034074,15.980043729659258,-15.980043729659258
MWI,Malawi,Sub-Saharan Africa,Low income,2018,PT_HH,7,random_forest,3.62,38.698041634920585,35.07804163492059,35.07804163492059
NAM,Namibia,Sub-Saharan Africa,Lower middle income,2016,PT_HH,7,random_forest,39.900000000000006,63.23799474981001,23.33799474981,23.33799474981
NGA,Nigeria,Sub-Saharan Africa,Lower middle income,2021,PT_MSW,7,random_forest,20.0,74.02403326685223,54.02403326685223,54.02403326685223
RWA,Rwanda,Sub-Saharan Africa,Low income,2019,PT_HH,7,random_forest,12.1,38.70638468253966,26.606384682539655,26.606384682539655
SDN,Sudan,Sub-Saharan Africa,Low income,2018,PT_MSW,7,random_forest,33.0,47.13675311239613,14.136753112396129,14.136753112396129
SEN,Senegal,Sub-Saharan Africa,Lower middle income,2015,PT_MSW,7,random_forest,54.0,48.53896749508921,5.46103250491079,-5.46103250491079
SLE,Sierra Leone,Sub-Saharan Africa,Low income,2018,PT_HH,7,random_forest,10.8,47.54227689081647,36.74227689081647,36.74227689081647
STP,Sao Tome and Principe,Sub-Saharan Africa,Lower middle income,2021,PT_MSW,7,random_forest,38.0,72.33659797816696,34.336597978166964,34.336597978166964
SWZ,Eswatini,Sub-Saharan Africa,Lower middle income,2017,PT_MSW,7,random_forest,46.0,60.838376453906484,14.838376453906484,14.838376453906484
SYC,Seychelles,Sub-Saharan Africa,High income,2017,PT_MSW,7,random_forest,90.0,94.05329967069464,4.053299670694642,4.053299670694642
TZA,Tanzania,Sub-Saharan Africa,Lower middle income,2022,PT_HH,7,random_forest,21.9,50.36019157141519,28.460191571415194,28.460191571415194
ZAF,South Africa,Sub-Saharan Africa,Upper middle income,2023,PT_MSW,7,random_forest,68.60000000000001,75.48977781835748,6.889777818357473,6.889777818357473
ZMB,Zambia,Sub-Saharan Africa,Lower middle income,2016,PT_MSW,7,random_forest,6.3,40.830268675869675,34.53026867586968,34.53026867586968
ZWE,Zimbabwe,Sub-Saharan Africa,Lower middle income,2021,PT_POP,7,random_forest,79.3,44.85314827536261,34.44685172463739,-34.44685172463739
AGO,Angola,Sub-Saharan Africa,Lower middle income,2011,PT_POP,7,hist_gbr,23.1,57.66402126181614,34.56402126181614,34.56402126181614
BFA,Burkina Faso,Sub-Saharan Africa,Low income,2007,PT_POP,7,hist_gbr,9.1,33.72207181337874,24.62207181337874,24.62207181337874
BWA,Botswana,Sub-Saharan Africa,Upper middle income,2017,PT_MSW,7,hist_gbr,76.3148962655602,82.83256771352654,6.51767144796635,6.51767144796635
CIV,Cote d'Ivoire,Sub-Saharan Africa,Lower middle income,2019,PT_HH,7,hist_gbr,17.5,57.370917640047146,39.870917640047146,39.870917640047146
CMR,Cameroon,Sub-Saharan Africa,Lower middle income,2009,PT_POP,7,hist_gbr,61.6,43.70753082839936,17.892469171600638,-17.892469171600638
COG,"Congo, Rep.",Sub-Saharan Africa,Lower middle income,2012,PT_MSW,7,hist_gbr,43.106796116504896,75.03946921514475,31.932673098639853,31.932673098639853
COM,Comoros,Sub-Saharan Africa,Lower middle income,2018,PT_HH,7,hist_gbr,38.3,51.453686220730916,13.153686220730918,13.153686220730918
CPV,Cabo Verde,Sub-Saharan Africa,Upper middle income,2019,PT_POP,7,hist_gbr,82.1,88.8891088184827,6.789108818482703,6.789108818482703
ETH,Ethiopia,Sub-Saharan Africa,Low income,2022,PT_MSW,7,hist_gbr,40.0,63.5215486039678,23.5215486039678,23.5215486039678
GAB,Gabon,Sub-Saharan Africa,Upper middle income,2013,PT_HH,7,hist_gbr,53.3,95.5829763099862,42.282976309986196,42.282976309986196
GHA,Ghana,Sub-Saharan Africa,Lower middle income,2021,PT_HH,7,hist_gbr,33.4,55.47203085561696,22.07203085561696,22.07203085561696
GIN,Guinea,Sub-Saharan Africa,Lower middle income,2018,PT_POP,7,hist_gbr,9.7,33.72207181337874,24.02207181337874,24.02207181337874
GMB,"Gambia, The",Sub-Saharan Africa,Low income,2013,PT_HH,7,hist_gbr,32.6,60.33471747119138,27.73471747119138,27.73471747119138
KEN,Kenya,Sub-Saharan Africa,Lower middle income,2021,PT_MSW,7,hist_gbr,68.2393855962904,63.5215486039678,4.717836992322603,-4.717836992322603
LSO,Lesotho,Sub-Saharan Africa,Lower middle income,2016,PT_HH,7,hist_gbr,5.800000000000001,44.110960415574,38.310960415574,38.310960415574
MDG,Madagascar,Sub-Saharan Africa,Low income,2007,PT_POP,7,hist_gbr,17.7,33.72207181337874,16.02207181337874,16.02207181337874
MLI,Mali,Sub-Saharan Africa,Low income,2009,PT_MSW,7,hist_gbr,20.0,26.6213763272907,6.621376327290701,6.621376327290701
MOZ,Mozambique,Sub-Saharan Africa,Low income,2017,PT_MSW,7,hist_gbr,25.0,33.72207181337874,8.72207181337874,8.72207181337874
MUS,Mauritius,Sub-Saharan Africa,Upper middle income,2021,PT_POP,7,hist_gbr,100.0,86.42807369416165,13.571926305838346,-13.571926305838346
MWI,Malawi,Sub-Saharan Africa,Low income,2018,PT_HH,7,hist_gbr,3.62,42.97685996507438,39.356859965074385,39.356859965074385
NAM,Namibia,Sub-Saharan Africa,Lower middle income,2016,PT_HH,7,hist_gbr,39.900000000000006,67.6139583371438,27.713958337143794,27.713958337143794
NGA,Nigeria,Sub-Saharan Africa,Lower middle income,2021,PT_MSW,7,hist_gbr,20.0,70.0741830046544,50.0741830046544,50.0741830046544
RWA,Rwanda,Sub-Saharan Africa,Low income,2019,PT_HH,7,hist_gbr,12.1,47.42862258628033,35.32862258628033,35.32862258628033
SDN,Sudan,Sub-Saharan Africa,Low income,2018,PT_MSW,7,hist_gbr,33.0,48.85058712821881,15.850587128218812,15.850587128218812
SEN,Senegal,Sub-Saharan Africa,Lower middle income,2015,PT_MSW,7,hist_gbr,54.0,51.317874149569505,2.682125850430495,-2.682125850430495
SLE,Sierra Leone,Sub-Saharan Africa,Low income,2018,PT_HH,7,hist_gbr,10.8,54.54650190486709,43.74650190486709,43.74650190486709
STP,Sao Tome and Principe,Sub-Saharan Africa,Lower middle income,2021,PT_MSW,7,hist_gbr,38.0,67.30428860733889,29.30428860733889,29.30428860733889
SWZ,Eswatini,Sub-Saharan Africa,Lower middle income,2017,PT_MSW,7,hist_gbr,46.0,63.64603808681287,17.646038086812872,17.646038086812872
SYC,Seychelles,Sub-Saharan Africa,High income,2017,PT_MSW,7,hist_gbr,90.0,100.0,10.0,10.0
TZA,Tanzania,Sub-Saharan Africa,Lower middle income,2022,PT_HH,7,hist_gbr,21.9,55.629761757118004,33.729761757118006,33.729761757118006
ZAF,South Africa,Sub-Saharan Africa,Upper middle income,2023,PT_MSW,7,hist_gbr,68.60000000000001,70.08932384305135,1.4893238430513378,1.4893238430513378
ZMB,Zambia,Sub-Saharan Africa,Lower middle income,2016,PT_MSW,7,hist_gbr,6.3,36.77517324814513,30.47517324814513,30.47517324814513
ZWE,Zimbabwe,Sub-Saharan Africa,Lower middle income,2021,PT_POP,7,hist_gbr,79.3,33.72207181337874,45.57792818662126,-45.57792818662126
