iso3,country,region,income_group,year,fold,model,y,pred,abs_error,signed_error,secondary_definition
AUS,Australia,E. Asia & Pacific,High income,2020,1,dummy_mean,99.78255670987532,41.731329977643114,58.05122673223221,-58.05122673223221,strict
BRN,Brunei Darussalam,E. Asia & Pacific,High income,2019,1,dummy_mean,11.3,41.731329977643114,30.431329977643113,30.431329977643113,strict
CHN,China,E. Asia & Pacific,Upper middle income,2022,1,dummy_mean,93.26,41.731329977643114,51.52867002235689,-51.52867002235689,strict
FSM,"Micronesia, Fed. Sts.",E. Asia & Pacific,Upper middle income,2023,1,dummy_mean,0.0,41.731329977643114,41.731329977643114,41.731329977643114,strict
GUM,Guam,E. Asia & Pacific,High income,2022,1,dummy_mean,38.2,41.731329977643114,3.531329977643111,3.531329977643111,strict
HKG,"Hong Kong SAR, China",E. Asia & Pacific,High income,2022,1,dummy_mean,100.0,41.731329977643114,58.268670022356886,-58.268670022356886,strict
IDN,Indonesia,E. Asia & Pacific,Upper middle income,2023,1,dummy_mean,50.27405127009625,41.731329977643114,8.542721292453137,-8.542721292453137,strict
JPN,Japan,E. Asia & Pacific,High income,2022,1,dummy_mean,95.70518698421348,41.731329977643114,53.97385700657037,-53.97385700657037,strict
KHM,Cambodia,E. Asia & Pacific,Lower middle income,2018,1,dummy_mean,10.0,41.731329977643114,31.731329977643114,31.731329977643114,strict
KIR,Kiribati,E. Asia & Pacific,Lower middle income,2021,1,dummy_mean,0.254166537091569,41.731329977643114,41.47716344055154,41.47716344055154,strict
KOR,"Korea, Rep.",E. Asia & Pacific,High income,2022,1,dummy_mean,94.0716457414579,41.731329977643114,52.340315763814786,-52.340315763814786,strict
LAO,Lao PDR,E. Asia & Pacific,Lower middle income,2020,1,dummy_mean,0.0,41.731329977643114,41.731329977643114,41.731329977643114,strict
MAC,"Macao SAR, China",E. Asia & Pacific,High income,2022,1,dummy_mean,100.0,41.731329977643114,58.268670022356886,-58.268670022356886,strict
MHL,Marshall Islands,E. Asia & Pacific,Upper middle income,2021,1,dummy_mean,0.0,41.731329977643114,41.731329977643114,41.731329977643114,strict
MMR,Myanmar,E. Asia & Pacific,Lower middle income,2019,1,dummy_mean,44.0,41.731329977643114,2.2686700223568863,-2.2686700223568863,strict
MNG,Mongolia,E. Asia & Pacific,Upper middle income,2019,1,dummy_mean,8.74137818417429,41.731329977643114,32.989951793468826,32.989951793468826,strict
MNP,Northern Mariana Islands,E. Asia & Pacific,High income,2022,1,dummy_mean,0.0583219741568334,41.731329977643114,41.67300800348628,41.67300800348628,strict
MYS,Malaysia,E. Asia & Pacific,Upper middle income,2022,1,dummy_mean,16.938697107420843,41.731329977643114,24.79263287022227,24.79263287022227,strict
NRU,Nauru,E. Asia & Pacific,High income,2020,1,dummy_mean,0.0,41.731329977643114,41.731329977643114,41.731329977643114,strict
NZL,New Zealand,E. Asia & Pacific,High income,2023,1,dummy_mean,9.2,41.731329977643114,32.53132997764311,32.53132997764311,strict
PLW,Palau,E. Asia & Pacific,High income,2017,1,dummy_mean,8.200000000000001,41.731329977643114,33.53132997764311,33.53132997764311,strict
PNG,Papua New Guinea,E. Asia & Pacific,Lower middle income,2021,1,dummy_mean,0.0,41.731329977643114,41.731329977643114,41.731329977643114,strict
PYF,French Polynesia,E. Asia & Pacific,High income,2014,1,dummy_mean,39.0,41.731329977643114,2.7313299776431137,2.7313299776431137,strict
SLB,Solomon Islands,E. Asia & Pacific,Lower middle income,2019,1,dummy_mean,9.54102833684694,41.731329977643114,32.19030164079617,32.19030164079617,strict
THA,Thailand,E. Asia & Pacific,Upper middle income,2023,1,dummy_mean,34.545454545454504,41.731329977643114,7.18587543218861,7.18587543218861,strict
TLS,Timor-Leste,E. Asia & Pacific,Lower middle income,2021,1,dummy_mean,0.0,41.731329977643114,41.731329977643114,41.731329977643114,strict
TWN,"Taiwan, China",E. Asia & Pacific,,2023,1,dummy_mean,97.88210985528536,41.731329977643114,56.15077987764225,-56.15077987764225,strict
AUS,Australia,E. Asia & Pacific,High income,2020,1,linear,99.78255670987532,61.73996269370554,38.04259401616978,-38.04259401616978,strict
BRN,Brunei Darussalam,E. Asia & Pacific,High income,2019,1,linear,11.3,72.21370075802022,60.91370075802023,60.91370075802023,strict
CHN,China,E. Asia & Pacific,Upper middle income,2022,1,linear,93.26,47.72039513069443,45.53960486930558,-45.53960486930558,strict
FSM,"Micronesia, Fed. Sts.",E. Asia & Pacific,Upper middle income,2023,1,linear,0.0,6.513859720663866,6.513859720663866,6.513859720663866,strict
GUM,Guam,E. Asia & Pacific,High income,2022,1,linear,38.2,32.79958403752463,5.400415962475371,-5.400415962475371,strict
HKG,"Hong Kong SAR, China",E. Asia & Pacific,High income,2022,1,linear,100.0,61.40247314236043,38.59752685763957,-38.59752685763957,strict
IDN,Indonesia,E. Asia & Pacific,Upper middle income,2023,1,linear,50.27405127009625,36.71436960518494,13.55968166491131,-13.55968166491131,strict
JPN,Japan,E. Asia & Pacific,High income,2022,1,linear,95.70518698421348,57.50492835131618,38.2002586328973,-38.2002586328973,strict
KHM,Cambodia,E. Asia & Pacific,Lower middle income,2018,1,linear,10.0,18.279340050625237,8.279340050625237,8.279340050625237,strict
KIR,Kiribati,E. Asia & Pacific,Lower middle income,2021,1,linear,0.254166537091569,0.0,0.254166537091569,-0.254166537091569,strict
KOR,"Korea, Rep.",E. Asia & Pacific,High income,2022,1,linear,94.0716457414579,64.02686253313153,30.044783208326365,-30.044783208326365,strict
LAO,Lao PDR,E. Asia & Pacific,Lower middle income,2020,1,linear,0.0,25.129764212417818,25.129764212417818,25.129764212417818,strict
MAC,"Macao SAR, China",E. Asia & Pacific,High income,2022,1,linear,100.0,57.59956555446982,42.40043444553018,-42.40043444553018,strict
MHL,Marshall Islands,E. Asia & Pacific,Upper middle income,2021,1,linear,0.0,1.896670230710015,1.896670230710015,1.896670230710015,strict
MMR,Myanmar,E. Asia & Pacific,Lower middle income,2019,1,linear,44.0,24.224164592346348,19.775835407653652,-19.775835407653652,strict
MNG,Mongolia,E. Asia & Pacific,Upper middle income,2019,1,linear,8.74137818417429,31.305154190797996,22.563776006623705,22.563776006623705,strict
MNP,Northern Mariana Islands,E. Asia & Pacific,High income,2022,1,linear,0.0583219741568334,31.99008029712738,31.93175832297055,31.93175832297055,strict
MYS,Malaysia,E. Asia & Pacific,Upper middle income,2022,1,linear,16.938697107420843,51.20313174824734,34.264434640826494,34.264434640826494,strict
NRU,Nauru,E. Asia & Pacific,High income,2020,1,linear,0.0,7.1358014615735,7.1358014615735,7.1358014615735,strict
NZL,New Zealand,E. Asia & Pacific,High income,2023,1,linear,9.2,57.92301498740004,48.723014987400035,48.723014987400035,strict
PLW,Palau,E. Asia & Pacific,High income,2017,1,linear,8.200000000000001,28.84948537553003,20.649485375530027,20.649485375530027,strict
PNG,Papua New Guinea,E. Asia & Pacific,Lower middle income,2021,1,linear,0.0,14.018687789614294,14.018687789614294,14.018687789614294,strict
PYF,French Polynesia,E. Asia & Pacific,High income,2014,1,linear,39.0,44.159064812880345,5.159064812880345,5.159064812880345,strict
SLB,Solomon Islands,E. Asia & Pacific,Lower middle income,2019,1,linear,9.54102833684694,0.0,9.54102833684694,-9.54102833684694,strict
THA,Thailand,E. Asia & Pacific,Upper middle income,2023,1,linear,34.545454545454504,45.9589520593519,11.413497513897397,11.413497513897397,strict
TLS,Timor-Leste,E. Asia & Pacific,Lower middle income,2021,1,linear,0.0,22.202004244454177,22.202004244454177,22.202004244454177,strict
TWN,"Taiwan, China",E. Asia & Pacific,,2023,1,linear,97.88210985528536,45.66952261923648,52.21258723604888,-52.21258723604888,strict
AUS,Australia,E. Asia & Pacific,High income,2020,1,ridge,99.78255670987532,60.53999359250608,39.242563117369244,-39.242563117369244,strict
BRN,Brunei Darussalam,E. Asia & Pacific,High income,2019,1,ridge,11.3,69.43156480328076,58.13156480328077,58.13156480328077,strict
CHN,China,E. Asia & Pacific,Upper middle income,2022,1,ridge,93.26,44.942416964230915,48.31758303576909,-48.31758303576909,strict
FSM,"Micronesia, Fed. Sts.",E. Asia & Pacific,Upper middle income,2023,1,ridge,0.0,9.27359104023899,9.27359104023899,9.27359104023899,strict
GUM,Guam,E. Asia & Pacific,High income,2022,1,ridge,38.2,37.058637007582306,1.1413629924176973,-1.1413629924176973,strict
HKG,"Hong Kong SAR, China",E. Asia & Pacific,High income,2022,1,ridge,100.0,60.39086197473834,39.60913802526166,-39.60913802526166,strict
IDN,Indonesia,E. Asia & Pacific,Upper middle income,2023,1,ridge,50.27405127009625,35.45460259809322,14.819448672003034,-14.819448672003034,strict
JPN,Japan,E. Asia & Pacific,High income,2022,1,ridge,95.70518698421348,56.01877886680263,39.686408117410856,-39.686408117410856,strict
KHM,Cambodia,E. Asia & Pacific,Lower middle income,2018,1,ridge,10.0,19.03892834812405,9.038928348124049,9.038928348124049,strict
KIR,Kiribati,E. Asia & Pacific,Lower middle income,2021,1,ridge,0.254166537091569,0.0,0.254166537091569,-0.254166537091569,strict
KOR,"Korea, Rep.",E. Asia & Pacific,High income,2022,1,ridge,94.0716457414579,61.033192015044705,33.038453726413195,-33.038453726413195,strict
LAO,Lao PDR,E. Asia & Pacific,Lower middle income,2020,1,ridge,0.0,25.286391418859463,25.286391418859463,25.286391418859463,strict
MAC,"Macao SAR, China",E. Asia & Pacific,High income,2022,1,ridge,100.0,57.70517537617701,42.29482462382299,-42.29482462382299,strict
MHL,Marshall Islands,E. Asia & Pacific,Upper middle income,2021,1,ridge,0.0,9.70845149956768,9.70845149956768,9.70845149956768,strict
MMR,Myanmar,E. Asia & Pacific,Lower middle income,2019,1,ridge,44.0,23.233206292511422,20.766793707488578,-20.766793707488578,strict
MNG,Mongolia,E. Asia & Pacific,Upper middle income,2019,1,ridge,8.74137818417429,33.596225670851545,24.854847486677258,24.854847486677258,strict
MNP,Northern Mariana Islands,E. Asia & Pacific,High income,2022,1,ridge,0.0583219741568334,36.786917500376276,36.72859552621944,36.72859552621944,strict
MYS,Malaysia,E. Asia & Pacific,Upper middle income,2022,1,ridge,16.938697107420843,49.996263860532025,33.05756675311118,33.05756675311118,strict
NRU,Nauru,E. Asia & Pacific,High income,2020,1,ridge,0.0,16.154717320511477,16.154717320511477,16.154717320511477,strict
NZL,New Zealand,E. Asia & Pacific,High income,2023,1,ridge,9.2,57.25455633904035,48.054556339040346,48.054556339040346,strict
PLW,Palau,E. Asia & Pacific,High income,2017,1,ridge,8.200000000000001,33.63698100840335,25.43698100840335,25.43698100840335,strict
PNG,Papua New Guinea,E. Asia & Pacific,Lower middle income,2021,1,ridge,0.0,14.013464684767008,14.013464684767008,14.013464684767008,strict
PYF,French Polynesia,E. Asia & Pacific,High income,2014,1,ridge,39.0,44.45586047739634,5.455860477396342,5.455860477396342,strict
SLB,Solomon Islands,E. Asia & Pacific,Lower middle income,2019,1,ridge,9.54102833684694,0.3847864276126103,9.15624190923433,-9.15624190923433,strict
THA,Thailand,E. Asia & Pacific,Upper middle income,2023,1,ridge,34.545454545454504,44.072294146850005,9.526839601395501,9.526839601395501,strict
TLS,Timor-Leste,E. Asia & Pacific,Lower middle income,2021,1,ridge,0.0,22.55251057869545,22.55251057869545,22.55251057869545,strict
TWN,"Taiwan, China",E. Asia & Pacific,,2023,1,ridge,97.88210985528536,45.069588318712185,52.81252153657318,-52.81252153657318,strict
AUS,Australia,E. Asia & Pacific,High income,2020,1,random_forest,99.78255670987532,64.09950273894857,35.68305397092675,-35.68305397092675,strict
BRN,Brunei Darussalam,E. Asia & Pacific,High income,2019,1,random_forest,11.3,81.71938150030147,70.41938150030147,70.41938150030147,strict
CHN,China,E. Asia & Pacific,Upper middle income,2022,1,random_forest,93.26,43.141107802570765,50.11889219742924,-50.11889219742924,strict
FSM,"Micronesia, Fed. Sts.",E. Asia & Pacific,Upper middle income,2023,1,random_forest,0.0,40.73748867977111,40.73748867977111,40.73748867977111,strict
GUM,Guam,E. Asia & Pacific,High income,2022,1,random_forest,38.2,70.48077034646374,32.28077034646374,32.28077034646374,strict
HKG,"Hong Kong SAR, China",E. Asia & Pacific,High income,2022,1,random_forest,100.0,37.10253312268376,62.89746687731624,-62.89746687731624,strict
IDN,Indonesia,E. Asia & Pacific,Upper middle income,2023,1,random_forest,50.27405127009625,23.076312424845632,27.19773884525062,-27.19773884525062,strict
JPN,Japan,E. Asia & Pacific,High income,2022,1,random_forest,95.70518698421348,55.04775829973866,40.65742868447482,-40.65742868447482,strict
KHM,Cambodia,E. Asia & Pacific,Lower middle income,2018,1,random_forest,10.0,10.863086961485484,0.8630869614854841,0.8630869614854841,strict
KIR,Kiribati,E. Asia & Pacific,Lower middle income,2021,1,random_forest,0.254166537091569,36.272212050050754,36.01804551295918,36.01804551295918,strict
KOR,"Korea, Rep.",E. Asia & Pacific,High income,2022,1,random_forest,94.0716457414579,79.02998619897639,15.041659542481511,-15.041659542481511,strict
LAO,Lao PDR,E. Asia & Pacific,Lower middle income,2020,1,random_forest,0.0,8.268971027995105,8.268971027995105,8.268971027995105,strict
MAC,"Macao SAR, China",E. Asia & Pacific,High income,2022,1,random_forest,100.0,32.8043577603146,67.1956422396854,-67.1956422396854,strict
MHL,Marshall Islands,E. Asia & Pacific,Upper middle income,2021,1,random_forest,0.0,38.70169711228076,38.70169711228076,38.70169711228076,strict
MMR,Myanmar,E. Asia & Pacific,Lower middle income,2019,1,random_forest,44.0,14.13220817790745,29.86779182209255,-29.86779182209255,strict
MNG,Mongolia,E. Asia & Pacific,Upper middle income,2019,1,random_forest,8.74137818417429,15.53305107497016,6.791672890795871,6.791672890795871,strict
MNP,Northern Mariana Islands,E. Asia & Pacific,High income,2022,1,random_forest,0.0583219741568334,70.94297594031302,70.88465396615618,70.88465396615618,strict
MYS,Malaysia,E. Asia & Pacific,Upper middle income,2022,1,random_forest,16.938697107420843,37.6106774299493,20.671980322528455,20.671980322528455,strict
NRU,Nauru,E. Asia & Pacific,High income,2020,1,random_forest,0.0,43.326825150499296,43.326825150499296,43.326825150499296,strict
NZL,New Zealand,E. Asia & Pacific,High income,2023,1,random_forest,9.2,88.2805201558772,79.0805201558772,79.0805201558772,strict
PLW,Palau,E. Asia & Pacific,High income,2017,1,random_forest,8.200000000000001,62.23646431923752,54.03646431923752,54.03646431923752,strict
PNG,Papua New Guinea,E. Asia & Pacific,Lower middle income,2021,1,random_forest,0.0,9.081102027000695,9.081102027000695,9.081102027000695,strict
PYF,French Polynesia,E. Asia & Pacific,High income,2014,1,random_forest,39.0,47.48770249138441,8.487702491384411,8.487702491384411,strict
SLB,Solomon Islands,E. Asia & Pacific,Lower middle income,2019,1,random_forest,9.54102833684694,16.90970355736912,7.36867522052218,7.36867522052218,strict
THA,Thailand,E. Asia & Pacific,Upper middle income,2023,1,random_forest,34.545454545454504,42.97015733476267,8.424702789308164,8.424702789308164,strict
TLS,Timor-Leste,E. Asia & Pacific,Lower middle income,2021,1,random_forest,0.0,13.318269142844644,13.318269142844644,13.318269142844644,strict
TWN,"Taiwan, China",E. Asia & Pacific,,2023,1,random_forest,97.88210985528536,21.023844118418378,76.85826573686698,-76.85826573686698,strict
AUS,Australia,E. Asia & Pacific,High income,2020,1,hist_gbr,99.78255670987532,66.47878586057831,33.30377084929701,-33.30377084929701,strict
BRN,Brunei Darussalam,E. Asia & Pacific,High income,2019,1,hist_gbr,11.3,88.05564293567154,76.75564293567155,76.75564293567155,strict
CHN,China,E. Asia & Pacific,Upper middle income,2022,1,hist_gbr,93.26,43.58343164321573,49.67656835678427,-49.67656835678427,strict
FSM,"Micronesia, Fed. Sts.",E. Asia & Pacific,Upper middle income,2023,1,hist_gbr,0.0,46.27904603240347,46.27904603240347,46.27904603240347,strict
GUM,Guam,E. Asia & Pacific,High income,2022,1,hist_gbr,38.2,80.89355743318733,42.69355743318732,42.69355743318732,strict
HKG,"Hong Kong SAR, China",E. Asia & Pacific,High income,2022,1,hist_gbr,100.0,56.935777138427845,43.064222861572155,-43.064222861572155,strict
IDN,Indonesia,E. Asia & Pacific,Upper middle income,2023,1,hist_gbr,50.27405127009625,34.53671548246697,15.737335787629284,-15.737335787629284,strict
JPN,Japan,E. Asia & Pacific,High income,2022,1,hist_gbr,95.70518698421348,55.16727179487212,40.53791518934136,-40.53791518934136,strict
KHM,Cambodia,E. Asia & Pacific,Lower middle income,2018,1,hist_gbr,10.0,2.8078564083102844,7.192143591689716,-7.192143591689716,strict
KIR,Kiribati,E. Asia & Pacific,Lower middle income,2021,1,hist_gbr,0.254166537091569,48.064417030487306,47.810250493395735,47.810250493395735,strict
KOR,"Korea, Rep.",E. Asia & Pacific,High income,2022,1,hist_gbr,94.0716457414579,87.77964991801477,6.291995823443131,-6.291995823443131,strict
LAO,Lao PDR,E. Asia & Pacific,Lower middle income,2020,1,hist_gbr,0.0,6.315284265889757,6.315284265889757,6.315284265889757,strict
MAC,"Macao SAR, China",E. Asia & Pacific,High income,2022,1,hist_gbr,100.0,40.80322794795016,59.19677205204984,-59.19677205204984,strict
MHL,Marshall Islands,E. Asia & Pacific,Upper middle income,2021,1,hist_gbr,0.0,42.405694200591086,42.405694200591086,42.405694200591086,strict
MMR,Myanmar,E. Asia & Pacific,Lower middle income,2019,1,hist_gbr,44.0,17.649854162518245,26.350145837481755,-26.350145837481755,strict
MNG,Mongolia,E. Asia & Pacific,Upper middle income,2019,1,hist_gbr,8.74137818417429,34.6087005215068,25.86732233733251,25.86732233733251,strict
MNP,Northern Mariana Islands,E. Asia & Pacific,High income,2022,1,hist_gbr,0.0583219741568334,66.1619435707145,66.10362159655766,66.10362159655766,strict
MYS,Malaysia,E. Asia & Pacific,Upper middle income,2022,1,hist_gbr,16.938697107420843,34.84375255721633,17.905055449795483,17.905055449795483,strict
NRU,Nauru,E. Asia & Pacific,High income,2020,1,hist_gbr,0.0,47.537998285278206,47.537998285278206,47.537998285278206,strict
NZL,New Zealand,E. Asia & Pacific,High income,2023,1,hist_gbr,9.2,76.26049445777998,67.06049445777998,67.06049445777998,strict
PLW,Palau,E. Asia & Pacific,High income,2017,1,hist_gbr,8.200000000000001,40.483290376505394,32.28329037650539,32.28329037650539,strict
PNG,Papua New Guinea,E. Asia & Pacific,Lower middle income,2021,1,hist_gbr,0.0,16.01839924016179,16.01839924016179,16.01839924016179,strict
PYF,French Polynesia,E. Asia & Pacific,High income,2014,1,hist_gbr,39.0,73.26710338139709,34.26710338139709,34.26710338139709,strict
SLB,Solomon Islands,E. Asia & Pacific,Lower middle income,2019,1,hist_gbr,9.54102833684694,13.904636606022843,4.363608269175902,4.363608269175902,strict
THA,Thailand,E. Asia & Pacific,Upper middle income,2023,1,hist_gbr,34.545454545454504,58.6049142867053,24.059459741250798,24.059459741250798,strict
TLS,Timor-Leste,E. Asia & Pacific,Lower middle income,2021,1,hist_gbr,0.0,1.235480434679571,1.235480434679571,1.235480434679571,strict
TWN,"Taiwan, China",E. Asia & Pacific,,2023,1,hist_gbr,97.88210985528536,2.665137821091443,95.21697203419392,-95.21697203419392,strict
ALB,Albania,Eur. & Cent. Asia,Upper middle income,2022,2,dummy_mean,21.40328697850822,28.016490673911637,6.613203695403417,6.613203695403417,strict
AND,Andorra,Eur. & Cent. Asia,High income,2014,2,dummy_mean,97.5,28.016490673911637,69.48350932608837,-69.48350932608837,strict
ARM,Armenia,Eur. & Cent. Asia,Upper middle income,2019,2,dummy_mean,0.2,28.016490673911637,27.816490673911638,27.816490673911638,strict
AUT,Austria,Eur. & Cent. Asia,High income,2021,2,dummy_mean,99.53713907868634,28.016490673911637,71.5206484047747,-71.5206484047747,strict
BEL,Belgium,Eur. & Cent. Asia,High income,2022,2,dummy_mean,98.14136576445593,28.016490673911637,70.1248750905443,-70.1248750905443,strict
BGR,Bulgaria,Eur. & Cent. Asia,High income,2020,2,dummy_mean,34.95808755045017,28.016490673911637,6.9415968765385365,-6.9415968765385365,strict
BIH,Bosnia and Herzegovina,Eur. & Cent. Asia,Upper middle income,2021,2,dummy_mean,78.36711,28.016490673911637,50.35061932608836,-50.35061932608836,strict
BLR,Belarus,Eur. & Cent. Asia,Upper middle income,2022,2,dummy_mean,33.900000000000006,28.016490673911637,5.883509326088369,-5.883509326088369,strict
CHE,Switzerland,Eur. & Cent. Asia,High income,2022,2,dummy_mean,100.0000000000001,28.016490673911637,71.98350932608847,-71.98350932608847,strict
CHI,Channel Islands,Eur. & Cent. Asia,High income,2022,2,dummy_mean,100.0,28.016490673911637,71.98350932608837,-71.98350932608837,strict
CYP,Cyprus,Eur. & Cent. Asia,High income,2022,2,dummy_mean,17.179228083459762,28.016490673911637,10.837262590451875,10.837262590451875,strict
CZE,Czechia,Eur. & Cent. Asia,High income,2021,2,dummy_mean,99.9999999999999,28.016490673911637,71.98350932608827,-71.98350932608827,strict
DEU,Germany,Eur. & Cent. Asia,High income,2022,2,dummy_mean,99.99999999999991,28.016490673911637,71.98350932608828,-71.98350932608828,strict
ESP,Spain,Eur. & Cent. Asia,High income,2020,2,dummy_mean,50.5632044038573,28.016490673911637,22.54671372994566,-22.54671372994566,strict
EST,Estonia,Eur. & Cent. Asia,High income,2022,2,dummy_mean,85.1351351351351,28.016490673911637,57.11864446122347,-57.11864446122347,strict
FIN,Finland,Eur. & Cent. Asia,High income,2022,2,dummy_mean,100.0,28.016490673911637,71.98350932608837,-71.98350932608837,strict
FRA,France,Eur. & Cent. Asia,High income,2021,2,dummy_mean,98.2079440528875,28.016490673911637,70.19145337897587,-70.19145337897587,strict
FRO,Faroe Islands,Eur. & Cent. Asia,High income,2023,2,dummy_mean,93.214810566687,28.016490673911637,65.19831989277537,-65.19831989277537,strict
GBR,United Kingdom,Eur. & Cent. Asia,High income,2022,2,dummy_mean,87.82,28.016490673911637,59.80350932608836,-59.80350932608836,strict
GEO,Georgia,Eur. & Cent. Asia,Upper middle income,2019,2,dummy_mean,87.88,28.016490673911637,59.86350932608836,-59.86350932608836,strict
GRC,Greece,Eur. & Cent. Asia,High income,2019,2,dummy_mean,21.0,28.016490673911637,7.016490673911637,7.016490673911637,strict
GRL,Greenland,Eur. & Cent. Asia,High income,2022,2,dummy_mean,87.3164218958612,28.016490673911637,59.299931221949564,-59.299931221949564,strict
HRV,Croatia,Eur. & Cent. Asia,High income,2022,2,dummy_mean,89.06778741865507,28.016490673911637,61.05129674474344,-61.05129674474344,strict
HUN,Hungary,Eur. & Cent. Asia,High income,2022,2,dummy_mean,97.1756,28.016490673911637,69.15910932608837,-69.15910932608837,strict
IMN,Isle of Man,Eur. & Cent. Asia,High income,2023,2,dummy_mean,96.526793308761,28.016490673911637,68.51030263484937,-68.51030263484937,strict
IRL,Ireland,Eur. & Cent. Asia,High income,2021,2,dummy_mean,98.73,28.016490673911637,70.71350932608837,-70.71350932608837,strict
ISL,Iceland,Eur. & Cent. Asia,High income,2022,2,dummy_mean,38.7665198237886,28.016490673911637,10.750029149876962,-10.750029149876962,strict
KAZ,Kazakhstan,Eur. & Cent. Asia,Upper middle income,2019,2,dummy_mean,11.1241154055525,28.016490673911637,16.89237526835914,16.89237526835914,strict
KGZ,Kyrgyz Republic,Eur. & Cent. Asia,Lower middle income,2022,2,dummy_mean,0.0,28.016490673911637,28.016490673911637,28.016490673911637,strict
LIE,Liechtenstein,Eur. & Cent. Asia,High income,2022,2,dummy_mean,99.9475713184272,28.016490673911637,71.93108064451556,-71.93108064451556,strict
LTU,Lithuania,Eur. & Cent. Asia,High income,2022,2,dummy_mean,86.35,28.016490673911637,58.33350932608836,-58.33350932608836,strict
LUX,Luxembourg,Eur. & Cent. Asia,High income,2021,2,dummy_mean,100.0,28.016490673911637,71.98350932608837,-71.98350932608837,strict
LVA,Latvia,Eur. & Cent. Asia,High income,2021,2,dummy_mean,99.8850574712644,28.016490673911637,71.86856679735277,-71.86856679735277,strict
MCO,Monaco,Eur. & Cent. Asia,High income,2009,2,dummy_mean,100.0,28.016490673911637,71.98350932608837,-71.98350932608837,strict
MDA,Moldova,Eur. & Cent. Asia,Upper middle income,2021,2,dummy_mean,6.1,28.016490673911637,21.91649067391164,21.91649067391164,strict
MNE,Montenegro,Eur. & Cent. Asia,Upper middle income,2022,2,dummy_mean,0.304230881936023,28.016490673911637,27.712259791975615,27.712259791975615,strict
NLD,Netherlands,Eur. & Cent. Asia,High income,2022,2,dummy_mean,100.00000000000006,28.016490673911637,71.98350932608842,-71.98350932608842,strict
NOR,Norway,Eur. & Cent. Asia,High income,2023,2,dummy_mean,99.26019728072517,28.016490673911637,71.24370660681353,-71.24370660681353,strict
POL,Poland,Eur. & Cent. Asia,High income,2022,2,dummy_mean,99.8,28.016490673911637,71.78350932608836,-71.78350932608836,strict
PRT,Portugal,Eur. & Cent. Asia,High income,2022,2,dummy_mean,96.0,28.016490673911637,67.98350932608837,-67.98350932608837,strict
ROU,Romania,Eur. & Cent. Asia,High income,2022,2,dummy_mean,20.77849860982391,28.016490673911637,7.237992064087727,7.237992064087727,strict
RUS,Russian Federation,Eur. & Cent. Asia,High income,2022,2,dummy_mean,89.29937166702277,28.016490673911637,61.282880993111135,-61.282880993111135,strict
SMR,San Marino,Eur. & Cent. Asia,High income,2019,2,dummy_mean,42.96,28.016490673911637,14.943509326088364,-14.943509326088364,strict
SRB,Serbia,Eur. & Cent. Asia,Upper middle income,2022,2,dummy_mean,18.76024926205316,28.016490673911637,9.256241411858475,9.256241411858475,strict
SVK,Slovak Republic,Eur. & Cent. Asia,High income,2022,2,dummy_mean,57.365890155777706,28.016490673911637,29.34939948186607,-29.34939948186607,strict
SVN,Slovenia,Eur. & Cent. Asia,High income,2022,2,dummy_mean,74.5756429406744,28.016490673911637,46.559152266762766,-46.559152266762766,strict
SWE,Sweden,Eur. & Cent. Asia,High income,2022,2,dummy_mean,95.0,28.016490673911637,66.98350932608837,-66.98350932608837,strict
TJK,Tajikistan,Eur. & Cent. Asia,Lower middle income,2024,2,dummy_mean,0.0,28.016490673911637,28.016490673911637,28.016490673911637,strict
TKM,Turkmenistan,Eur. & Cent. Asia,Upper middle income,2017,2,dummy_mean,1.0,28.016490673911637,27.016490673911637,27.016490673911637,strict
TUR,Turkiye,Eur. & Cent. Asia,Upper middle income,2021,2,dummy_mean,12.329745010136804,28.016490673911637,15.686745663774833,15.686745663774833,strict
UKR,Ukraine,Eur. & Cent. Asia,Upper middle income,2023,2,dummy_mean,90.84048052766538,28.016490673911637,62.823989853753744,-62.823989853753744,strict
XKX,Kosovo,Eur. & Cent. Asia,Upper middle income,2022,2,dummy_mean,2.59481037924152,28.016490673911637,25.421680294670118,25.421680294670118,strict
ALB,Albania,Eur. & Cent. Asia,Upper middle income,2022,2,linear,21.40328697850822,31.61804974330153,10.21476276479331,10.21476276479331,strict
AND,Andorra,Eur. & Cent. Asia,High income,2014,2,linear,97.5,38.95349125598196,58.54650874401804,-58.54650874401804,strict
ARM,Armenia,Eur. & Cent. Asia,Upper middle income,2019,2,linear,0.2,28.713402374182216,28.513402374182217,28.513402374182217,strict
AUT,Austria,Eur. & Cent. Asia,High income,2021,2,linear,99.53713907868634,54.86059551116845,44.67654356751789,-44.67654356751789,strict
BEL,Belgium,Eur. & Cent. Asia,High income,2022,2,linear,98.14136576445593,56.227164540940834,41.91420122351509,-41.91420122351509,strict
BGR,Bulgaria,Eur. & Cent. Asia,High income,2020,2,linear,34.95808755045017,38.79656555482636,3.838478004376185,3.838478004376185,strict
BIH,Bosnia and Herzegovina,Eur. & Cent. Asia,Upper middle income,2021,2,linear,78.36711,31.459403647752207,46.907706352247786,-46.907706352247786,strict
BLR,Belarus,Eur. & Cent. Asia,Upper middle income,2022,2,linear,33.900000000000006,37.49981294494033,3.599812944940325,3.599812944940325,strict
CHE,Switzerland,Eur. & Cent. Asia,High income,2022,2,linear,100.0000000000001,59.953456338493766,40.046543661506334,-40.046543661506334,strict
CHI,Channel Islands,Eur. & Cent. Asia,High income,2022,2,linear,100.0,22.114334043522163,77.88566595647784,-77.88566595647784,strict
CYP,Cyprus,Eur. & Cent. Asia,High income,2022,2,linear,17.179228083459762,46.45096250029651,29.27173441683675,29.27173441683675,strict
CZE,Czechia,Eur. & Cent. Asia,High income,2021,2,linear,99.9999999999999,50.67275285931923,49.32724714068067,-49.32724714068067,strict
DEU,Germany,Eur. & Cent. Asia,High income,2022,2,linear,99.99999999999991,61.82638925748678,38.173610742513134,-38.173610742513134,strict
ESP,Spain,Eur. & Cent. Asia,High income,2020,2,linear,50.5632044038573,51.23592011445868,0.6727157106013806,0.6727157106013806,strict
EST,Estonia,Eur. & Cent. Asia,High income,2022,2,linear,85.1351351351351,40.31395129208003,44.821183843055074,-44.821183843055074,strict
FIN,Finland,Eur. & Cent. Asia,High income,2022,2,linear,100.0,47.84643683952402,52.15356316047598,-52.15356316047598,strict
FRA,France,Eur. & Cent. Asia,High income,2021,2,linear,98.2079440528875,56.93912224723711,41.26882180565039,-41.26882180565039,strict
FRO,Faroe Islands,Eur. & Cent. Asia,High income,2023,2,linear,93.214810566687,43.23682350814127,49.977987058545736,-49.977987058545736,strict
GBR,United Kingdom,Eur. & Cent. Asia,High income,2022,2,linear,87.82,58.56752708955599,29.252472910444006,-29.252472910444006,strict
GEO,Georgia,Eur. & Cent. Asia,Upper middle income,2019,2,linear,87.88,31.026177159487844,56.85382284051215,-56.85382284051215,strict
GRC,Greece,Eur. & Cent. Asia,High income,2019,2,linear,21.0,43.13989122155989,22.139891221559893,22.139891221559893,strict
GRL,Greenland,Eur. & Cent. Asia,High income,2022,2,linear,87.3164218958612,31.22752798437937,56.088893911481826,-56.088893911481826,strict
HRV,Croatia,Eur. & Cent. Asia,High income,2022,2,linear,89.06778741865507,44.83652140890055,44.23126600975452,-44.23126600975452,strict
HUN,Hungary,Eur. & Cent. Asia,High income,2022,2,linear,97.1756,47.358428475704876,49.81717152429513,-49.81717152429513,strict
IMN,Isle of Man,Eur. & Cent. Asia,High income,2023,2,linear,96.526793308761,19.190035559429084,77.33675774933192,-77.33675774933192,strict
IRL,Ireland,Eur. & Cent. Asia,High income,2021,2,linear,98.73,63.54334024254504,35.18665975745496,-35.18665975745496,strict
ISL,Iceland,Eur. & Cent. Asia,High income,2022,2,linear,38.7665198237886,37.97919758719817,0.7873222365904269,-0.7873222365904269,strict
KAZ,Kazakhstan,Eur. & Cent. Asia,Upper middle income,2019,2,linear,11.1241154055525,41.89242283413647,30.768307428583967,30.768307428583967,strict
KGZ,Kyrgyz Republic,Eur. & Cent. Asia,Lower middle income,2022,2,linear,0.0,15.426235344170808,15.426235344170808,15.426235344170808,strict
LIE,Liechtenstein,Eur. & Cent. Asia,High income,2022,2,linear,99.9475713184272,21.64905034486576,78.29852097356144,-78.29852097356144,strict
LTU,Lithuania,Eur. & Cent. Asia,High income,2022,2,linear,86.35,44.71469786095159,41.635302139048406,-41.635302139048406,strict
LUX,Luxembourg,Eur. & Cent. Asia,High income,2021,2,linear,100.0,59.662974499535444,40.337025500464556,-40.337025500464556,strict
LVA,Latvia,Eur. & Cent. Asia,High income,2021,2,linear,99.8850574712644,38.76032186798904,61.12473560327536,-61.12473560327536,strict
MCO,Monaco,Eur. & Cent. Asia,High income,2009,2,linear,100.0,21.152078543234293,78.8479214567657,-78.8479214567657,strict
MDA,Moldova,Eur. & Cent. Asia,Upper middle income,2021,2,linear,6.1,29.722207543476866,23.62220754347687,23.62220754347687,strict
MNE,Montenegro,Eur. & Cent. Asia,Upper middle income,2022,2,linear,0.304230881936023,30.38335659109809,30.079125709162067,30.079125709162067,strict
NLD,Netherlands,Eur. & Cent. Asia,High income,2022,2,linear,100.00000000000006,59.56921991531527,40.430780084684784,-40.430780084684784,strict
NOR,Norway,Eur. & Cent. Asia,High income,2023,2,linear,99.26019728072517,55.178222921520536,44.08197435920463,-44.08197435920463,strict
POL,Poland,Eur. & Cent. Asia,High income,2022,2,linear,99.8,53.647070932485335,46.15292906751466,-46.15292906751466,strict
PRT,Portugal,Eur. & Cent. Asia,High income,2022,2,linear,96.0,48.82070079769461,47.17929920230539,-47.17929920230539,strict
ROU,Romania,Eur. & Cent. Asia,High income,2022,2,linear,20.77849860982391,50.02310239800566,29.244603788181752,29.244603788181752,strict
RUS,Russian Federation,Eur. & Cent. Asia,High income,2022,2,linear,89.29937166702277,48.933970050716226,40.36540161630654,-40.36540161630654,strict
SMR,San Marino,Eur. & Cent. Asia,High income,2019,2,linear,42.96,38.60913372636129,4.350866273638708,-4.350866273638708,strict
SRB,Serbia,Eur. & Cent. Asia,Upper middle income,2022,2,linear,18.76024926205316,37.99181907791622,19.231569815863057,19.231569815863057,strict
SVK,Slovak Republic,Eur. & Cent. Asia,High income,2022,2,linear,57.365890155777706,46.643239020137685,10.722651135640021,-10.722651135640021,strict
SVN,Slovenia,Eur. & Cent. Asia,High income,2022,2,linear,74.5756429406744,46.9279359329229,27.6477070077515,-27.6477070077515,strict
SWE,Sweden,Eur. & Cent. Asia,High income,2022,2,linear,95.0,50.48476706366927,44.51523293633073,-44.51523293633073,strict
TJK,Tajikistan,Eur. & Cent. Asia,Lower middle income,2024,2,linear,0.0,14.910319465742822,14.910319465742822,14.910319465742822,strict
TKM,Turkmenistan,Eur. & Cent. Asia,Upper middle income,2017,2,linear,1.0,26.25476469496654,25.25476469496654,25.25476469496654,strict
TUR,Turkiye,Eur. & Cent. Asia,Upper middle income,2021,2,linear,12.329745010136804,47.847023404371896,35.51727839423509,35.51727839423509,strict
UKR,Ukraine,Eur. & Cent. Asia,Upper middle income,2023,2,linear,90.84048052766538,34.395685185475834,56.44479534218954,-56.44479534218954,strict
XKX,Kosovo,Eur. & Cent. Asia,Upper middle income,2022,2,linear,2.59481037924152,24.888059036562577,22.293248657321058,22.293248657321058,strict
ALB,Albania,Eur. & Cent. Asia,Upper middle income,2022,2,ridge,21.40328697850822,30.526928409471108,9.123641430962888,9.123641430962888,strict
AND,Andorra,Eur. & Cent. Asia,High income,2014,2,ridge,97.5,38.23373196768516,59.26626803231484,-59.26626803231484,strict
ARM,Armenia,Eur. & Cent. Asia,Upper middle income,2019,2,ridge,0.2,28.60408131905977,28.40408131905977,28.40408131905977,strict
AUT,Austria,Eur. & Cent. Asia,High income,2021,2,ridge,99.53713907868634,50.84453749789534,48.692601580791,-48.692601580791,strict
BEL,Belgium,Eur. & Cent. Asia,High income,2022,2,ridge,98.14136576445593,53.36296953701995,44.77839622743598,-44.77839622743598,strict
BGR,Bulgaria,Eur. & Cent. Asia,High income,2020,2,ridge,34.95808755045017,37.61924360743804,2.6611560569878634,2.6611560569878634,strict
BIH,Bosnia and Herzegovina,Eur. & Cent. Asia,Upper middle income,2021,2,ridge,78.36711,29.918942377038935,48.448167622961066,-48.448167622961066,strict
BLR,Belarus,Eur. & Cent. Asia,Upper middle income,2022,2,ridge,33.900000000000006,36.88777085777989,2.9877708577798856,2.9877708577798856,strict
CHE,Switzerland,Eur. & Cent. Asia,High income,2022,2,ridge,100.0000000000001,56.21621880476853,43.78378119523157,-43.78378119523157,strict
CHI,Channel Islands,Eur. & Cent. Asia,High income,2022,2,ridge,100.0,20.60434177349468,79.39565822650532,-79.39565822650532,strict
CYP,Cyprus,Eur. & Cent. Asia,High income,2022,2,ridge,17.179228083459762,43.456069246025805,26.276841162566043,26.276841162566043,strict
CZE,Czechia,Eur. & Cent. Asia,High income,2021,2,ridge,99.9999999999999,47.643541465521594,52.35645853447831,-52.35645853447831,strict
DEU,Germany,Eur. & Cent. Asia,High income,2022,2,ridge,99.99999999999991,57.88514753293681,42.1148524670631,-42.1148524670631,strict
ESP,Spain,Eur. & Cent. Asia,High income,2020,2,ridge,50.5632044038573,48.734252934464024,1.8289514693932745,-1.8289514693932745,strict
EST,Estonia,Eur. & Cent. Asia,High income,2022,2,ridge,85.1351351351351,38.42767424853681,46.70746088659829,-46.70746088659829,strict
FIN,Finland,Eur. & Cent. Asia,High income,2022,2,ridge,100.0,45.06482171473371,54.93517828526629,-54.93517828526629,strict
FRA,France,Eur. & Cent. Asia,High income,2021,2,ridge,98.2079440528875,53.51301623016273,44.69492782272477,-44.69492782272477,strict
FRO,Faroe Islands,Eur. & Cent. Asia,High income,2023,2,ridge,93.214810566687,38.43233241792954,54.78247814875747,-54.78247814875747,strict
GBR,United Kingdom,Eur. & Cent. Asia,High income,2022,2,ridge,87.82,55.234781872039314,32.58521812796068,-32.58521812796068,strict
GEO,Georgia,Eur. & Cent. Asia,Upper middle income,2019,2,ridge,87.88,30.106167936126095,57.7738320638739,-57.7738320638739,strict
GRC,Greece,Eur. & Cent. Asia,High income,2019,2,ridge,21.0,41.66126119050844,20.66126119050844,20.66126119050844,strict
GRL,Greenland,Eur. & Cent. Asia,High income,2022,2,ridge,87.3164218958612,31.19750761292417,56.11891428293703,-56.11891428293703,strict
HRV,Croatia,Eur. & Cent. Asia,High income,2022,2,ridge,89.06778741865507,41.548067478374506,47.51971994028057,-47.51971994028057,strict
HUN,Hungary,Eur. & Cent. Asia,High income,2022,2,ridge,97.1756,44.67325412662264,52.502345873377365,-52.502345873377365,strict
IMN,Isle of Man,Eur. & Cent. Asia,High income,2023,2,ridge,96.526793308761,19.375179431841858,77.15161387691914,-77.15161387691914,strict
IRL,Ireland,Eur. & Cent. Asia,High income,2021,2,ridge,98.73,57.65452571045443,41.075474289545575,-41.075474289545575,strict
ISL,Iceland,Eur. & Cent. Asia,High income,2022,2,ridge,38.7665198237886,37.65192771824497,1.114592105543629,-1.114592105543629,strict
KAZ,Kazakhstan,Eur. & Cent. Asia,Upper middle income,2019,2,ridge,11.1241154055525,39.22083669279182,28.09672128723932,28.09672128723932,strict
KGZ,Kyrgyz Republic,Eur. & Cent. Asia,Lower middle income,2022,2,ridge,0.0,15.547302687830168,15.547302687830168,15.547302687830168,strict
LIE,Liechtenstein,Eur. & Cent. Asia,High income,2022,2,ridge,99.9475713184272,18.947231468797455,81.00033984962974,-81.00033984962974,strict
LTU,Lithuania,Eur. & Cent. Asia,High income,2022,2,ridge,86.35,42.09576497507095,44.254235024929045,-44.254235024929045,strict
LUX,Luxembourg,Eur. & Cent. Asia,High income,2021,2,ridge,100.0,56.26204507504292,43.73795492495708,-43.73795492495708,strict
LVA,Latvia,Eur. & Cent. Asia,High income,2021,2,ridge,99.8850574712644,37.02059775460728,62.86445971665712,-62.86445971665712,strict
MCO,Monaco,Eur. & Cent. Asia,High income,2009,2,ridge,100.0,24.46212766851413,75.53787233148587,-75.53787233148587,strict
MDA,Moldova,Eur. & Cent. Asia,Upper middle income,2021,2,ridge,6.1,27.910076263860685,21.810076263860687,21.810076263860687,strict
MNE,Montenegro,Eur. & Cent. Asia,Upper middle income,2022,2,ridge,0.304230881936023,29.736069916490866,29.431839034554844,29.431839034554844,strict
NLD,Netherlands,Eur. & Cent. Asia,High income,2022,2,ridge,100.00000000000006,56.728930574563876,43.27106942543618,-43.27106942543618,strict
NOR,Norway,Eur. & Cent. Asia,High income,2023,2,ridge,99.26019728072517,51.77948726930366,47.48071001142151,-47.48071001142151,strict
POL,Poland,Eur. & Cent. Asia,High income,2022,2,ridge,99.8,49.449810053974105,50.35018994602589,-50.35018994602589,strict
PRT,Portugal,Eur. & Cent. Asia,High income,2022,2,ridge,96.0,45.32772817189678,50.67227182810322,-50.67227182810322,strict
ROU,Romania,Eur. & Cent. Asia,High income,2022,2,ridge,20.77849860982391,45.79920376840015,25.020705158576238,25.020705158576238,strict
RUS,Russian Federation,Eur. & Cent. Asia,High income,2022,2,ridge,89.29937166702277,46.41550216150634,42.88386950551643,-42.88386950551643,strict
SMR,San Marino,Eur. & Cent. Asia,High income,2019,2,ridge,42.96,38.53165048814241,4.42834951185759,-4.42834951185759,strict
SRB,Serbia,Eur. & Cent. Asia,Upper middle income,2022,2,ridge,18.76024926205316,36.23520700868256,17.474957746629396,17.474957746629396,strict
SVK,Slovak Republic,Eur. & Cent. Asia,High income,2022,2,ridge,57.365890155777706,42.905604949641024,14.460285206136682,-14.460285206136682,strict
SVN,Slovenia,Eur. & Cent. Asia,High income,2022,2,ridge,74.5756429406744,43.14908201620117,31.42656092447323,-31.42656092447323,strict
SWE,Sweden,Eur. & Cent. Asia,High income,2022,2,ridge,95.0,48.341282591612384,46.658717408387616,-46.658717408387616,strict
TJK,Tajikistan,Eur. & Cent. Asia,Lower middle income,2024,2,ridge,0.0,14.711438618535995,14.711438618535995,14.711438618535995,strict
TKM,Turkmenistan,Eur. & Cent. Asia,Upper middle income,2017,2,ridge,1.0,25.29132831910352,24.29132831910352,24.29132831910352,strict
TUR,Turkiye,Eur. & Cent. Asia,Upper middle income,2021,2,ridge,12.329745010136804,46.609425373142756,34.27968036300595,34.27968036300595,strict
UKR,Ukraine,Eur. & Cent. Asia,Upper middle income,2023,2,ridge,90.84048052766538,33.93460835471465,56.90587217295073,-56.90587217295073,strict
XKX,Kosovo,Eur. & Cent. Asia,Upper middle income,2022,2,ridge,2.59481037924152,24.2107016913332,21.61589131209168,21.61589131209168,strict
ALB,Albania,Eur. & Cent. Asia,Upper middle income,2022,2,random_forest,21.40328697850822,23.96092968405159,2.557642705543369,2.557642705543369,strict
AND,Andorra,Eur. & Cent. Asia,High income,2014,2,random_forest,97.5,38.89489578847692,58.60510421152308,-58.60510421152308,strict
ARM,Armenia,Eur. & Cent. Asia,Upper middle income,2019,2,random_forest,0.2,20.44029715421866,20.24029715421866,20.24029715421866,strict
AUT,Austria,Eur. & Cent. Asia,High income,2021,2,random_forest,99.53713907868634,33.371264056109744,66.16587502257659,-66.16587502257659,strict
BEL,Belgium,Eur. & Cent. Asia,High income,2022,2,random_forest,98.14136576445593,45.95079236153319,52.19057340292274,-52.19057340292274,strict
BGR,Bulgaria,Eur. & Cent. Asia,High income,2020,2,random_forest,34.95808755045017,30.910798832912377,4.047288717537796,-4.047288717537796,strict
BIH,Bosnia and Herzegovina,Eur. & Cent. Asia,Upper middle income,2021,2,random_forest,78.36711,22.976120179898054,55.39098982010194,-55.39098982010194,strict
BLR,Belarus,Eur. & Cent. Asia,Upper middle income,2022,2,random_forest,33.900000000000006,36.50759875876151,2.6075987587615046,2.6075987587615046,strict
CHE,Switzerland,Eur. & Cent. Asia,High income,2022,2,random_forest,100.0000000000001,37.02947385228494,62.97052614771516,-62.97052614771516,strict
CHI,Channel Islands,Eur. & Cent. Asia,High income,2022,2,random_forest,100.0,27.61006665274746,72.38993334725254,-72.38993334725254,strict
CYP,Cyprus,Eur. & Cent. Asia,High income,2022,2,random_forest,17.179228083459762,27.863374737035947,10.684146653576185,10.684146653576185,strict
CZE,Czechia,Eur. & Cent. Asia,High income,2021,2,random_forest,99.9999999999999,31.399533698097056,68.60046630190284,-68.60046630190284,strict
DEU,Germany,Eur. & Cent. Asia,High income,2022,2,random_forest,99.99999999999991,60.32577354241404,39.674226457585874,-39.674226457585874,strict
ESP,Spain,Eur. & Cent. Asia,High income,2020,2,random_forest,50.5632044038573,55.16350869707542,4.600304293218123,4.600304293218123,strict
EST,Estonia,Eur. & Cent. Asia,High income,2022,2,random_forest,85.1351351351351,27.260425440896235,57.87470969423887,-57.87470969423887,strict
FIN,Finland,Eur. & Cent. Asia,High income,2022,2,random_forest,100.0,36.70932141477327,63.29067858522673,-63.29067858522673,strict
FRA,France,Eur. & Cent. Asia,High income,2021,2,random_forest,98.2079440528875,55.03973191982378,43.16821213306372,-43.16821213306372,strict
FRO,Faroe Islands,Eur. & Cent. Asia,High income,2023,2,random_forest,93.214810566687,35.225946041078636,57.98886452560837,-57.98886452560837,strict
GBR,United Kingdom,Eur. & Cent. Asia,High income,2022,2,random_forest,87.82,58.36673517736708,29.45326482263291,-29.45326482263291,strict
GEO,Georgia,Eur. & Cent. Asia,Upper middle income,2019,2,random_forest,87.88,23.487681200947385,64.39231879905262,-64.39231879905262,strict
GRC,Greece,Eur. & Cent. Asia,High income,2019,2,random_forest,21.0,31.278493579049996,10.278493579049996,10.278493579049996,strict
GRL,Greenland,Eur. & Cent. Asia,High income,2022,2,random_forest,87.3164218958612,43.66782614243004,43.64859575343116,-43.64859575343116,strict
HRV,Croatia,Eur. & Cent. Asia,High income,2022,2,random_forest,89.06778741865507,27.7476064530565,61.320180965598574,-61.320180965598574,strict
HUN,Hungary,Eur. & Cent. Asia,High income,2022,2,random_forest,97.1756,30.18021790725461,66.99538209274539,-66.99538209274539,strict
IMN,Isle of Man,Eur. & Cent. Asia,High income,2023,2,random_forest,96.526793308761,31.505811636260717,65.02098167250028,-65.02098167250028,strict
IRL,Ireland,Eur. & Cent. Asia,High income,2021,2,random_forest,98.73,27.859618395357945,70.87038160464206,-70.87038160464206,strict
ISL,Iceland,Eur. & Cent. Asia,High income,2022,2,random_forest,38.7665198237886,44.849119371375195,6.082599547586597,6.082599547586597,strict
KAZ,Kazakhstan,Eur. & Cent. Asia,Upper middle income,2019,2,random_forest,11.1241154055525,42.46092820600275,31.336812800450247,31.336812800450247,strict
KGZ,Kyrgyz Republic,Eur. & Cent. Asia,Lower middle income,2022,2,random_forest,0.0,10.598553461655506,10.598553461655506,10.598553461655506,strict
LIE,Liechtenstein,Eur. & Cent. Asia,High income,2022,2,random_forest,99.9475713184272,32.15413122793149,67.79344009049571,-67.79344009049571,strict
LTU,Lithuania,Eur. & Cent. Asia,High income,2022,2,random_forest,86.35,25.695286113017374,60.65471388698262,-60.65471388698262,strict
LUX,Luxembourg,Eur. & Cent. Asia,High income,2021,2,random_forest,100.0,32.2210497478518,67.7789502521482,-67.7789502521482,strict
LVA,Latvia,Eur. & Cent. Asia,High income,2021,2,random_forest,99.8850574712644,28.018355776816595,71.86670169444781,-71.86670169444781,strict
MCO,Monaco,Eur. & Cent. Asia,High income,2009,2,random_forest,100.0,35.539474322734016,64.46052567726599,-64.46052567726599,strict
MDA,Moldova,Eur. & Cent. Asia,Upper middle income,2021,2,random_forest,6.1,21.75919838009864,15.659198380098639,15.659198380098639,strict
MNE,Montenegro,Eur. & Cent. Asia,Upper middle income,2022,2,random_forest,0.304230881936023,28.025629418094585,27.721398536158564,27.721398536158564,strict
NLD,Netherlands,Eur. & Cent. Asia,High income,2022,2,random_forest,100.00000000000006,51.45908504622542,48.54091495377464,-48.54091495377464,strict
NOR,Norway,Eur. & Cent. Asia,High income,2023,2,random_forest,99.26019728072517,43.97148293618711,55.28871434453806,-55.28871434453806,strict
POL,Poland,Eur. & Cent. Asia,High income,2022,2,random_forest,99.8,40.63055400034335,59.169445999656645,-59.169445999656645,strict
PRT,Portugal,Eur. & Cent. Asia,High income,2022,2,random_forest,96.0,31.592897020504978,64.40710297949502,-64.40710297949502,strict
ROU,Romania,Eur. & Cent. Asia,High income,2022,2,random_forest,20.77849860982391,36.14977882091185,15.371280211087939,15.371280211087939,strict
RUS,Russian Federation,Eur. & Cent. Asia,High income,2022,2,random_forest,89.29937166702277,57.18616812508475,32.11320354193802,-32.11320354193802,strict
SMR,San Marino,Eur. & Cent. Asia,High income,2019,2,random_forest,42.96,41.519325287385996,1.4406747126140047,-1.4406747126140047,strict
SRB,Serbia,Eur. & Cent. Asia,Upper middle income,2022,2,random_forest,18.76024926205316,30.782145401745414,12.021896139692252,12.021896139692252,strict
SVK,Slovak Republic,Eur. & Cent. Asia,High income,2022,2,random_forest,57.365890155777706,29.841696486249834,27.52419366952787,-27.52419366952787,strict
SVN,Slovenia,Eur. & Cent. Asia,High income,2022,2,random_forest,74.5756429406744,28.005562677460656,46.57008026321374,-46.57008026321374,strict
SWE,Sweden,Eur. & Cent. Asia,High income,2022,2,random_forest,95.0,50.09463655477053,44.90536344522947,-44.90536344522947,strict
TJK,Tajikistan,Eur. & Cent. Asia,Lower middle income,2024,2,random_forest,0.0,9.130631203155357,9.130631203155357,9.130631203155357,strict
TKM,Turkmenistan,Eur. & Cent. Asia,Upper middle income,2017,2,random_forest,1.0,21.036305952262175,20.036305952262175,20.036305952262175,strict
TUR,Turkiye,Eur. & Cent. Asia,Upper middle income,2021,2,random_forest,12.329745010136804,59.274452292158415,46.94470728202161,46.94470728202161,strict
UKR,Ukraine,Eur. & Cent. Asia,Upper middle income,2023,2,random_forest,90.84048052766538,23.92090984579172,66.91957068187367,-66.91957068187367,strict
XKX,Kosovo,Eur. & Cent. Asia,Upper middle income,2022,2,random_forest,2.59481037924152,19.28127794967159,16.68646757043007,16.68646757043007,strict
ALB,Albania,Eur. & Cent. Asia,Upper middle income,2022,2,hist_gbr,21.40328697850822,22.765728729954713,1.362441751446493,1.362441751446493,strict
AND,Andorra,Eur. & Cent. Asia,High income,2014,2,hist_gbr,97.5,25.55419012400746,71.94580987599254,-71.94580987599254,strict
ARM,Armenia,Eur. & Cent. Asia,Upper middle income,2019,2,hist_gbr,0.2,7.742359768526951,7.542359768526951,7.542359768526951,strict
AUT,Austria,Eur. & Cent. Asia,High income,2021,2,hist_gbr,99.53713907868634,21.444593120648957,78.09254595803738,-78.09254595803738,strict
BEL,Belgium,Eur. & Cent. Asia,High income,2022,2,hist_gbr,98.14136576445593,55.209404271300535,42.93196149315539,-42.93196149315539,strict
BGR,Bulgaria,Eur. & Cent. Asia,High income,2020,2,hist_gbr,34.95808755045017,20.8316412414308,14.126446309019375,-14.126446309019375,strict
BIH,Bosnia and Herzegovina,Eur. & Cent. Asia,Upper middle income,2021,2,hist_gbr,78.36711,19.64188345070999,58.72522654929001,-58.72522654929001,strict
BLR,Belarus,Eur. & Cent. Asia,Upper middle income,2022,2,hist_gbr,33.900000000000006,44.96844416183466,11.068444161834655,11.068444161834655,strict
CHE,Switzerland,Eur. & Cent. Asia,High income,2022,2,hist_gbr,100.0000000000001,31.471031323879306,68.5289686761208,-68.5289686761208,strict
CHI,Channel Islands,Eur. & Cent. Asia,High income,2022,2,hist_gbr,100.0,35.551762440154945,64.44823755984505,-64.44823755984505,strict
CYP,Cyprus,Eur. & Cent. Asia,High income,2022,2,hist_gbr,17.179228083459762,14.684567573859542,2.4946605096002195,-2.4946605096002195,strict
CZE,Czechia,Eur. & Cent. Asia,High income,2021,2,hist_gbr,99.9999999999999,22.689248994414463,77.31075100558544,-77.31075100558544,strict
DEU,Germany,Eur. & Cent. Asia,High income,2022,2,hist_gbr,99.99999999999991,51.942214818772825,48.05778518122709,-48.05778518122709,strict
ESP,Spain,Eur. & Cent. Asia,High income,2020,2,hist_gbr,50.5632044038573,54.81775035456782,4.254545950710522,4.254545950710522,strict
EST,Estonia,Eur. & Cent. Asia,High income,2022,2,hist_gbr,85.1351351351351,10.990871902847662,74.14426323228744,-74.14426323228744,strict
FIN,Finland,Eur. & Cent. Asia,High income,2022,2,hist_gbr,100.0,37.92731420904756,62.07268579095244,-62.07268579095244,strict
FRA,France,Eur. & Cent. Asia,High income,2021,2,hist_gbr,98.2079440528875,54.41936152377193,43.788582529115565,-43.788582529115565,strict
FRO,Faroe Islands,Eur. & Cent. Asia,High income,2023,2,hist_gbr,93.214810566687,24.455807403092688,68.75900316359431,-68.75900316359431,strict
GBR,United Kingdom,Eur. & Cent. Asia,High income,2022,2,hist_gbr,87.82,51.942214818772825,35.87778518122717,-35.87778518122717,strict
GEO,Georgia,Eur. & Cent. Asia,Upper middle income,2019,2,hist_gbr,87.88,24.838845133789246,63.041154866210746,-63.041154866210746,strict
GRC,Greece,Eur. & Cent. Asia,High income,2019,2,hist_gbr,21.0,38.31886577008065,17.31886577008065,17.31886577008065,strict
GRL,Greenland,Eur. & Cent. Asia,High income,2022,2,hist_gbr,87.3164218958612,42.91185258492991,44.40456931093129,-44.40456931093129,strict
HRV,Croatia,Eur. & Cent. Asia,High income,2022,2,hist_gbr,89.06778741865507,26.137848343950946,62.92993907470412,-62.92993907470412,strict
HUN,Hungary,Eur. & Cent. Asia,High income,2022,2,hist_gbr,97.1756,21.444593120648957,75.73100687935104,-75.73100687935104,strict
IMN,Isle of Man,Eur. & Cent. Asia,High income,2023,2,hist_gbr,96.526793308761,53.528902137428126,42.997891171332874,-42.997891171332874,strict
IRL,Ireland,Eur. & Cent. Asia,High income,2021,2,hist_gbr,98.73,26.969566724351843,71.76043327564815,-71.76043327564815,strict
ISL,Iceland,Eur. & Cent. Asia,High income,2022,2,hist_gbr,38.7665198237886,42.91185258492991,4.1453327611413116,4.1453327611413116,strict
KAZ,Kazakhstan,Eur. & Cent. Asia,Upper middle income,2019,2,hist_gbr,11.1241154055525,55.48061864463425,44.356503239081746,44.356503239081746,strict
KGZ,Kyrgyz Republic,Eur. & Cent. Asia,Lower middle income,2022,2,hist_gbr,0.0,3.090114943104947,3.090114943104947,3.090114943104947,strict
LIE,Liechtenstein,Eur. & Cent. Asia,High income,2022,2,hist_gbr,99.9475713184272,34.47719599303817,65.47037532538903,-65.47037532538903,strict
LTU,Lithuania,Eur. & Cent. Asia,High income,2022,2,hist_gbr,86.35,5.109293157055885,81.2407068429441,-81.2407068429441,strict
LUX,Luxembourg,Eur. & Cent. Asia,High income,2021,2,hist_gbr,100.0,12.729771840501936,87.27022815949806,-87.27022815949806,strict
LVA,Latvia,Eur. & Cent. Asia,High income,2021,2,hist_gbr,99.8850574712644,10.990871902847662,88.89418556841675,-88.89418556841675,strict
MCO,Monaco,Eur. & Cent. Asia,High income,2009,2,hist_gbr,100.0,33.98176874800787,66.01823125199212,-66.01823125199212,strict
MDA,Moldova,Eur. & Cent. Asia,Upper middle income,2021,2,hist_gbr,6.1,22.124198304387804,16.024198304387802,16.024198304387802,strict
MNE,Montenegro,Eur. & Cent. Asia,Upper middle income,2022,2,hist_gbr,0.304230881936023,21.550085958988443,21.245855077052422,21.245855077052422,strict
NLD,Netherlands,Eur. & Cent. Asia,High income,2022,2,hist_gbr,100.00000000000006,61.29349199837477,38.70650800162529,-38.70650800162529,strict
NOR,Norway,Eur. & Cent. Asia,High income,2023,2,hist_gbr,99.26019728072517,45.07606455914412,54.184132721581044,-54.184132721581044,strict
POL,Poland,Eur. & Cent. Asia,High income,2022,2,hist_gbr,99.8,56.57863777575494,43.221362224245055,-43.221362224245055,strict
PRT,Portugal,Eur. & Cent. Asia,High income,2022,2,hist_gbr,96.0,35.039265231191116,60.960734768808884,-60.960734768808884,strict
ROU,Romania,Eur. & Cent. Asia,High income,2022,2,hist_gbr,20.77849860982391,53.054530343588446,32.27603173376454,32.27603173376454,strict
RUS,Russian Federation,Eur. & Cent. Asia,High income,2022,2,hist_gbr,89.29937166702277,72.41623182858471,16.883139838438055,-16.883139838438055,strict
SMR,San Marino,Eur. & Cent. Asia,High income,2019,2,hist_gbr,42.96,48.353916473335474,5.393916473335473,5.393916473335473,strict
SRB,Serbia,Eur. & Cent. Asia,Upper middle income,2022,2,hist_gbr,18.76024926205316,46.204652946594486,27.444403684541324,27.444403684541324,strict
SVK,Slovak Republic,Eur. & Cent. Asia,High income,2022,2,hist_gbr,57.365890155777706,30.655722075217593,26.710168080560113,-26.710168080560113,strict
SVN,Slovenia,Eur. & Cent. Asia,High income,2022,2,hist_gbr,74.5756429406744,17.659124137152258,56.91651880352214,-56.91651880352214,strict
SWE,Sweden,Eur. & Cent. Asia,High income,2022,2,hist_gbr,95.0,59.359473327861174,35.640526672138826,-35.640526672138826,strict
TJK,Tajikistan,Eur. & Cent. Asia,Lower middle income,2024,2,hist_gbr,0.0,7.885098728837004,7.885098728837004,7.885098728837004,strict
TKM,Turkmenistan,Eur. & Cent. Asia,Upper middle income,2017,2,hist_gbr,1.0,23.056990681438954,22.056990681438954,22.056990681438954,strict
TUR,Turkiye,Eur. & Cent. Asia,Upper middle income,2021,2,hist_gbr,12.329745010136804,50.97035797619342,38.640612966056615,38.640612966056615,strict
UKR,Ukraine,Eur. & Cent. Asia,Upper middle income,2023,2,hist_gbr,90.84048052766538,25.963455813330686,64.8770247143347,-64.8770247143347,strict
XKX,Kosovo,Eur. & Cent. Asia,Upper middle income,2022,2,hist_gbr,2.59481037924152,30.375523448891023,27.780713069649504,27.780713069649504,strict
ABW,Aruba,L. Amer. & the Caribbean,High income,2019,3,dummy_mean,12.9479427813007,42.675418745870154,29.727475964569454,29.727475964569454,strict
ARG,Argentina,L. Amer. & the Caribbean,Upper middle income,2020,3,dummy_mean,89.30000000000001,42.675418745870154,46.62458125412986,-46.62458125412986,strict
ATG,Antigua and Barbuda,L. Amer. & the Caribbean,High income,2012,3,dummy_mean,49.5,42.675418745870154,6.824581254129846,-6.824581254129846,strict
BHS,"Bahamas, The",L. Amer. & the Caribbean,High income,2021,3,dummy_mean,0.0,42.675418745870154,42.675418745870154,42.675418745870154,strict
BRA,Brazil,L. Amer. & the Caribbean,Upper middle income,2022,3,dummy_mean,79.89962520913767,42.675418745870154,37.224206463267514,-37.224206463267514,strict
BRB,Barbados,L. Amer. & the Caribbean,High income,2021,3,dummy_mean,84.53999999999999,42.675418745870154,41.86458125412984,-41.86458125412984,strict
CHL,Chile,L. Amer. & the Caribbean,High income,2022,3,dummy_mean,91.9415243583078,42.675418745870154,49.26610561243765,-49.26610561243765,strict
CRI,Costa Rica,L. Amer. & the Caribbean,High income,2021,3,dummy_mean,9.63409457823844,42.675418745870154,33.041324167631714,33.041324167631714,strict
CUB,Cuba,L. Amer. & the Caribbean,Upper middle income,2020,3,dummy_mean,8.182534816501711,42.675418745870154,34.492883929368446,34.492883929368446,strict
CUW,Curacao,L. Amer. & the Caribbean,High income,2023,3,dummy_mean,95.1434977578475,42.675418745870154,52.468079011977345,-52.468079011977345,strict
CYM,Cayman Islands,L. Amer. & the Caribbean,High income,2022,3,dummy_mean,2.09,42.675418745870154,40.58541874587016,40.58541874587016,strict
ECU,Ecuador,L. Amer. & the Caribbean,Upper middle income,2021,3,dummy_mean,0.71,42.675418745870154,41.96541874587015,41.96541874587015,strict
GRD,Grenada,L. Amer. & the Caribbean,Upper middle income,2011,3,dummy_mean,98.5,42.675418745870154,55.824581254129846,-55.824581254129846,strict
GTM,Guatemala,L. Amer. & the Caribbean,Upper middle income,2018,3,dummy_mean,41.9,42.675418745870154,0.7754187458701551,0.7754187458701551,strict
GUY,Guyana,L. Amer. & the Caribbean,High income,2021,3,dummy_mean,0.0,42.675418745870154,42.675418745870154,42.675418745870154,strict
HND,Honduras,L. Amer. & the Caribbean,Lower middle income,2021,3,dummy_mean,22.31,42.675418745870154,20.365418745870155,20.365418745870155,strict
HTI,Haiti,L. Amer. & the Caribbean,Lower middle income,2021,3,dummy_mean,0.0,42.675418745870154,42.675418745870154,42.675418745870154,strict
JAM,Jamaica,L. Amer. & the Caribbean,Upper middle income,2021,3,dummy_mean,0.0,42.675418745870154,42.675418745870154,42.675418745870154,strict
MEX,Mexico,L. Amer. & the Caribbean,Upper middle income,2021,3,dummy_mean,76.85000000000001,42.675418745870154,34.174581254129855,-34.174581254129855,strict
NIC,Nicaragua,L. Amer. & the Caribbean,Lower middle income,2021,3,dummy_mean,0.0,42.675418745870154,42.675418745870154,42.675418745870154,strict
PAN,Panama,L. Amer. & the Caribbean,High income,2021,3,dummy_mean,0.0,42.675418745870154,42.675418745870154,42.675418745870154,strict
PRI,Puerto Rico,L. Amer. & the Caribbean,High income,2020,3,dummy_mean,14.000000000000002,42.675418745870154,28.675418745870154,28.675418745870154,strict
PRY,Paraguay,L. Amer. & the Caribbean,Upper middle income,2021,3,dummy_mean,0.0,42.675418745870154,42.675418745870154,42.675418745870154,strict
SLV,El Salvador,L. Amer. & the Caribbean,Upper middle income,2021,3,dummy_mean,0.65,42.675418745870154,42.025418745870155,42.025418745870155,strict
SUR,Suriname,L. Amer. & the Caribbean,Upper middle income,2022,3,dummy_mean,5.0,42.675418745870154,37.675418745870154,37.675418745870154,strict
SXM,Sint Maarten (Dutch part),L. Amer. & the Caribbean,High income,2019,3,dummy_mean,10.0,42.675418745870154,32.675418745870154,32.675418745870154,strict
URY,Uruguay,L. Amer. & the Caribbean,High income,2021,3,dummy_mean,94.7622308955103,42.675418745870154,52.086812149640146,-52.086812149640146,strict
VCT,St. Vincent and the Grenadines,L. Amer. & the Caribbean,Upper middle income,2020,3,dummy_mean,0.0260407537796651,42.675418745870154,42.649377992090486,42.649377992090486,strict
VEN,"Venezuela, RB",L. Amer. & the Caribbean,Lower middle income,2021,3,dummy_mean,0.0,42.675418745870154,42.675418745870154,42.675418745870154,strict
VGB,British Virgin Islands,L. Amer. & the Caribbean,High income,2005,3,dummy_mean,80.25,42.675418745870154,37.574581254129846,-37.574581254129846,strict
ABW,Aruba,L. Amer. & the Caribbean,High income,2019,3,linear,12.9479427813007,61.440898409834205,48.49295562853351,48.49295562853351,strict
ARG,Argentina,L. Amer. & the Caribbean,Upper middle income,2020,3,linear,89.30000000000001,35.89909691889059,53.40090308110942,-53.40090308110942,strict
ATG,Antigua and Barbuda,L. Amer. & the Caribbean,High income,2012,3,linear,49.5,59.49858543595493,9.99858543595493,9.99858543595493,strict
BHS,"Bahamas, The",L. Amer. & the Caribbean,High income,2021,3,linear,0.0,42.23309283249579,42.23309283249579,42.23309283249579,strict
BRA,Brazil,L. Amer. & the Caribbean,Upper middle income,2022,3,linear,79.89962520913767,33.71212694293983,46.187498266197835,-46.187498266197835,strict
BRB,Barbados,L. Amer. & the Caribbean,High income,2021,3,linear,84.53999999999999,40.69082253764564,43.849177462354355,-43.849177462354355,strict
CHL,Chile,L. Amer. & the Caribbean,High income,2022,3,linear,91.9415243583078,43.166667176607284,48.77485718170052,-48.77485718170052,strict
CRI,Costa Rica,L. Amer. & the Caribbean,High income,2021,3,linear,9.63409457823844,42.38607014850573,32.75197557026729,32.75197557026729,strict
CUB,Cuba,L. Amer. & the Caribbean,Upper middle income,2020,3,linear,8.182534816501711,44.84075145376478,36.65821663726307,36.65821663726307,strict
CUW,Curacao,L. Amer. & the Caribbean,High income,2023,3,linear,95.1434977578475,38.94094148476903,56.20255627307847,-56.20255627307847,strict
CYM,Cayman Islands,L. Amer. & the Caribbean,High income,2022,3,linear,2.09,63.80781839827783,61.71781839827783,61.71781839827783,strict
ECU,Ecuador,L. Amer. & the Caribbean,Upper middle income,2021,3,linear,0.71,32.368722400179124,31.658722400179123,31.658722400179123,strict
GRD,Grenada,L. Amer. & the Caribbean,Upper middle income,2011,3,linear,98.5,38.375180975627735,60.124819024372265,-60.124819024372265,strict
GTM,Guatemala,L. Amer. & the Caribbean,Upper middle income,2018,3,linear,41.9,32.295497478379524,9.604502521620475,-9.604502521620475,strict
GUY,Guyana,L. Amer. & the Caribbean,High income,2021,3,linear,0.0,50.067970023618315,50.067970023618315,50.067970023618315,strict
HND,Honduras,L. Amer. & the Caribbean,Lower middle income,2021,3,linear,22.31,11.701577389813444,10.608422610186555,-10.608422610186555,strict
HTI,Haiti,L. Amer. & the Caribbean,Lower middle income,2021,3,linear,0.0,0.0,0.0,0.0,strict
JAM,Jamaica,L. Amer. & the Caribbean,Upper middle income,2021,3,linear,0.0,27.329182233657406,27.329182233657406,27.329182233657406,strict
MEX,Mexico,L. Amer. & the Caribbean,Upper middle income,2021,3,linear,76.85000000000001,41.76494712126717,35.08505287873284,-35.08505287873284,strict
NIC,Nicaragua,L. Amer. & the Caribbean,Lower middle income,2021,3,linear,0.0,13.197703287376616,13.197703287376616,13.197703287376616,strict
PAN,Panama,L. Amer. & the Caribbean,High income,2021,3,linear,0.0,52.76084188895582,52.76084188895582,52.76084188895582,strict
PRI,Puerto Rico,L. Amer. & the Caribbean,High income,2020,3,linear,14.000000000000002,53.768734533023554,39.768734533023554,39.768734533023554,strict
PRY,Paraguay,L. Amer. & the Caribbean,Upper middle income,2021,3,linear,0.0,29.570320669708785,29.570320669708785,29.570320669708785,strict
SLV,El Salvador,L. Amer. & the Caribbean,Upper middle income,2021,3,linear,0.65,23.8187028027792,23.1687028027792,23.1687028027792,strict
SUR,Suriname,L. Amer. & the Caribbean,Upper middle income,2022,3,linear,5.0,28.879592202746366,23.879592202746366,23.879592202746366,strict
SXM,Sint Maarten (Dutch part),L. Amer. & the Caribbean,High income,2019,3,linear,10.0,51.471382890555475,41.471382890555475,41.471382890555475,strict
URY,Uruguay,L. Amer. & the Caribbean,High income,2021,3,linear,94.7622308955103,36.990315085925815,57.771915809584485,-57.771915809584485,strict
VCT,St. Vincent and the Grenadines,L. Amer. & the Caribbean,Upper middle income,2020,3,linear,0.0260407537796651,38.08417778996863,38.05813703618896,38.05813703618896,strict
VEN,"Venezuela, RB",L. Amer. & the Caribbean,Lower middle income,2021,3,linear,0.0,38.72753945625272,38.72753945625272,38.72753945625272,strict
VGB,British Virgin Islands,L. Amer. & the Caribbean,High income,2005,3,linear,80.25,48.85413748397799,31.395862516022007,-31.395862516022007,strict
ABW,Aruba,L. Amer. & the Caribbean,High income,2019,3,ridge,12.9479427813007,61.400452448179394,48.4525096668787,48.4525096668787,strict
ARG,Argentina,L. Amer. & the Caribbean,Upper middle income,2020,3,ridge,89.30000000000001,35.94939188456867,53.35060811543134,-53.35060811543134,strict
ATG,Antigua and Barbuda,L. Amer. & the Caribbean,High income,2012,3,ridge,49.5,59.41373226923777,9.91373226923777,9.91373226923777,strict
BHS,"Bahamas, The",L. Amer. & the Caribbean,High income,2021,3,ridge,0.0,42.2534829720218,42.2534829720218,42.2534829720218,strict
BRA,Brazil,L. Amer. & the Caribbean,Upper middle income,2022,3,ridge,79.89962520913767,33.76194579580687,46.1376794133308,-46.1376794133308,strict
BRB,Barbados,L. Amer. & the Caribbean,High income,2021,3,ridge,84.53999999999999,40.6846569873413,43.85534301265869,-43.85534301265869,strict
CHL,Chile,L. Amer. & the Caribbean,High income,2022,3,ridge,91.9415243583078,43.19875883837198,48.74276551993582,-48.74276551993582,strict
CRI,Costa Rica,L. Amer. & the Caribbean,High income,2021,3,ridge,9.63409457823844,42.40423133779809,32.77013675955965,32.77013675955965,strict
CUB,Cuba,L. Amer. & the Caribbean,Upper middle income,2020,3,ridge,8.182534816501711,44.854196376790036,36.67166156028833,36.67166156028833,strict
CUW,Curacao,L. Amer. & the Caribbean,High income,2023,3,ridge,95.1434977578475,38.978931787933114,56.164565969914385,-56.164565969914385,strict
CYM,Cayman Islands,L. Amer. & the Caribbean,High income,2022,3,ridge,2.09,63.81164425928371,61.72164425928371,61.72164425928371,strict
ECU,Ecuador,L. Amer. & the Caribbean,Upper middle income,2021,3,ridge,0.71,32.38683059836827,31.67683059836827,31.67683059836827,strict
GRD,Grenada,L. Amer. & the Caribbean,Upper middle income,2011,3,ridge,98.5,38.34184541858772,60.15815458141228,-60.15815458141228,strict
GTM,Guatemala,L. Amer. & the Caribbean,Upper middle income,2018,3,ridge,41.9,32.30163884582312,9.598361154176878,-9.598361154176878,strict
GUY,Guyana,L. Amer. & the Caribbean,High income,2021,3,ridge,0.0,50.003925318011476,50.003925318011476,50.003925318011476,strict
HND,Honduras,L. Amer. & the Caribbean,Lower middle income,2021,3,ridge,22.31,11.748666399471894,10.561333600528105,-10.561333600528105,strict
HTI,Haiti,L. Amer. & the Caribbean,Lower middle income,2021,3,ridge,0.0,0.0,0.0,0.0,strict
JAM,Jamaica,L. Amer. & the Caribbean,Upper middle income,2021,3,ridge,0.0,27.347107265555294,27.347107265555294,27.347107265555294,strict
MEX,Mexico,L. Amer. & the Caribbean,Upper middle income,2021,3,ridge,76.85000000000001,41.78883877677428,35.06116122322573,-35.06116122322573,strict
NIC,Nicaragua,L. Amer. & the Caribbean,Lower middle income,2021,3,ridge,0.0,13.24365264881229,13.24365264881229,13.24365264881229,strict
PAN,Panama,L. Amer. & the Caribbean,High income,2021,3,ridge,0.0,52.74453132339566,52.74453132339566,52.74453132339566,strict
PRI,Puerto Rico,L. Amer. & the Caribbean,High income,2020,3,ridge,14.000000000000002,53.786728929346665,39.786728929346665,39.786728929346665,strict
PRY,Paraguay,L. Amer. & the Caribbean,Upper middle income,2021,3,ridge,0.0,29.598016316210664,29.598016316210664,29.598016316210664,strict
SLV,El Salvador,L. Amer. & the Caribbean,Upper middle income,2021,3,ridge,0.65,23.86464839628027,23.21464839628027,23.21464839628027,strict
SUR,Suriname,L. Amer. & the Caribbean,Upper middle income,2022,3,ridge,5.0,28.904343958770664,23.904343958770664,23.904343958770664,strict
SXM,Sint Maarten (Dutch part),L. Amer. & the Caribbean,High income,2019,3,ridge,10.0,51.496577495727955,41.496577495727955,41.496577495727955,strict
URY,Uruguay,L. Amer. & the Caribbean,High income,2021,3,ridge,94.7622308955103,37.04049590397996,57.72173499153034,-57.72173499153034,strict
VCT,St. Vincent and the Grenadines,L. Amer. & the Caribbean,Upper middle income,2020,3,ridge,0.0260407537796651,38.06616221175058,38.04012145797091,38.04012145797091,strict
VEN,"Venezuela, RB",L. Amer. & the Caribbean,Lower middle income,2021,3,ridge,0.0,38.768639871770176,38.768639871770176,38.768639871770176,strict
VGB,British Virgin Islands,L. Amer. & the Caribbean,High income,2005,3,ridge,80.25,48.81070567542578,31.43929432457422,-31.43929432457422,strict
ABW,Aruba,L. Amer. & the Caribbean,High income,2019,3,random_forest,12.9479427813007,75.42810017534364,62.48015739404295,62.48015739404295,strict
ARG,Argentina,L. Amer. & the Caribbean,Upper middle income,2020,3,random_forest,89.30000000000001,27.335035189366828,61.964964810633184,-61.964964810633184,strict
ATG,Antigua and Barbuda,L. Amer. & the Caribbean,High income,2012,3,random_forest,49.5,77.6418214912748,28.141821491274797,28.141821491274797,strict
BHS,"Bahamas, The",L. Amer. & the Caribbean,High income,2021,3,random_forest,0.0,23.39722488924485,23.39722488924485,23.39722488924485,strict
BRA,Brazil,L. Amer. & the Caribbean,Upper middle income,2022,3,random_forest,79.89962520913767,32.170713945585675,47.72891126355199,-47.72891126355199,strict
BRB,Barbados,L. Amer. & the Caribbean,High income,2021,3,random_forest,84.53999999999999,28.786611915177875,55.75338808482212,-55.75338808482212,strict
CHL,Chile,L. Amer. & the Caribbean,High income,2022,3,random_forest,91.9415243583078,25.640743538455617,66.30078081985218,-66.30078081985218,strict
CRI,Costa Rica,L. Amer. & the Caribbean,High income,2021,3,random_forest,9.63409457823844,40.557444601648484,30.923350023410045,30.923350023410045,strict
CUB,Cuba,L. Amer. & the Caribbean,Upper middle income,2020,3,random_forest,8.182534816501711,41.22129875826434,33.038763941762625,33.038763941762625,strict
CUW,Curacao,L. Amer. & the Caribbean,High income,2023,3,random_forest,95.1434977578475,50.7220388115355,44.421458946312,-44.421458946312,strict
CYM,Cayman Islands,L. Amer. & the Caribbean,High income,2022,3,random_forest,2.09,60.841885824212,58.751885824211996,58.751885824211996,strict
ECU,Ecuador,L. Amer. & the Caribbean,Upper middle income,2021,3,random_forest,0.71,12.18976721750752,11.479767217507518,11.479767217507518,strict
GRD,Grenada,L. Amer. & the Caribbean,Upper middle income,2011,3,random_forest,98.5,9.64985672207112,88.85014327792888,-88.85014327792888,strict
GTM,Guatemala,L. Amer. & the Caribbean,Upper middle income,2018,3,random_forest,41.9,8.27872574866075,33.621274251339244,-33.621274251339244,strict
GUY,Guyana,L. Amer. & the Caribbean,High income,2021,3,random_forest,0.0,30.435826474334387,30.435826474334387,30.435826474334387,strict
HND,Honduras,L. Amer. & the Caribbean,Lower middle income,2021,3,random_forest,22.31,5.396024451567407,16.913975548432592,-16.913975548432592,strict
HTI,Haiti,L. Amer. & the Caribbean,Lower middle income,2021,3,random_forest,0.0,3.32138225192528,3.32138225192528,3.32138225192528,strict
JAM,Jamaica,L. Amer. & the Caribbean,Upper middle income,2021,3,random_forest,0.0,6.084025671595077,6.084025671595077,6.084025671595077,strict
MEX,Mexico,L. Amer. & the Caribbean,Upper middle income,2021,3,random_forest,76.85000000000001,38.04633751966232,38.803662480337685,-38.803662480337685,strict
NIC,Nicaragua,L. Amer. & the Caribbean,Lower middle income,2021,3,random_forest,0.0,9.04375165205326,9.04375165205326,9.04375165205326,strict
PAN,Panama,L. Amer. & the Caribbean,High income,2021,3,random_forest,0.0,34.14746949455185,34.14746949455185,34.14746949455185,strict
PRI,Puerto Rico,L. Amer. & the Caribbean,High income,2020,3,random_forest,14.000000000000002,47.994904820988815,33.994904820988815,33.994904820988815,strict
PRY,Paraguay,L. Amer. & the Caribbean,Upper middle income,2021,3,random_forest,0.0,13.972286501302166,13.972286501302166,13.972286501302166,strict
SLV,El Salvador,L. Amer. & the Caribbean,Upper middle income,2021,3,random_forest,0.65,3.4640625354473302,2.8140625354473303,2.8140625354473303,strict
SUR,Suriname,L. Amer. & the Caribbean,Upper middle income,2022,3,random_forest,5.0,18.088393795836826,13.088393795836826,13.088393795836826,strict
SXM,Sint Maarten (Dutch part),L. Amer. & the Caribbean,High income,2019,3,random_forest,10.0,51.50289214014717,41.50289214014717,41.50289214014717,strict
URY,Uruguay,L. Amer. & the Caribbean,High income,2021,3,random_forest,94.7622308955103,22.46054344824906,72.30168744726124,-72.30168744726124,strict
VCT,St. Vincent and the Grenadines,L. Amer. & the Caribbean,Upper middle income,2020,3,random_forest,0.0260407537796651,18.63086241252666,18.604821658746996,18.604821658746996,strict
VEN,"Venezuela, RB",L. Amer. & the Caribbean,Lower middle income,2021,3,random_forest,0.0,23.998930704291105,23.998930704291105,23.998930704291105,strict
VGB,British Virgin Islands,L. Amer. & the Caribbean,High income,2005,3,random_forest,80.25,77.95313763541337,2.29686236458663,-2.29686236458663,strict
ABW,Aruba,L. Amer. & the Caribbean,High income,2019,3,hist_gbr,12.9479427813007,78.58738178521509,65.63943900391439,65.63943900391439,strict
ARG,Argentina,L. Amer. & the Caribbean,Upper middle income,2020,3,hist_gbr,89.30000000000001,27.863114059597894,61.43688594040212,-61.43688594040212,strict
ATG,Antigua and Barbuda,L. Amer. & the Caribbean,High income,2012,3,hist_gbr,49.5,74.68078253926691,25.180782539266914,25.180782539266914,strict
BHS,"Bahamas, The",L. Amer. & the Caribbean,High income,2021,3,hist_gbr,0.0,22.92163527693506,22.92163527693506,22.92163527693506,strict
BRA,Brazil,L. Amer. & the Caribbean,Upper middle income,2022,3,hist_gbr,79.89962520913767,23.929092751583898,55.97053245755377,-55.97053245755377,strict
BRB,Barbados,L. Amer. & the Caribbean,High income,2021,3,hist_gbr,84.53999999999999,42.791570863764,41.74842913623599,-41.74842913623599,strict
CHL,Chile,L. Amer. & the Caribbean,High income,2022,3,hist_gbr,91.9415243583078,18.74774433476393,73.19378002354387,-73.19378002354387,strict
CRI,Costa Rica,L. Amer. & the Caribbean,High income,2021,3,hist_gbr,9.63409457823844,30.44890733659921,20.81481275836077,20.81481275836077,strict
CUB,Cuba,L. Amer. & the Caribbean,Upper middle income,2020,3,hist_gbr,8.182534816501711,31.023696533586797,22.841161717085086,22.841161717085086,strict
CUW,Curacao,L. Amer. & the Caribbean,High income,2023,3,hist_gbr,95.1434977578475,43.701703333576454,51.441794424271045,-51.441794424271045,strict
CYM,Cayman Islands,L. Amer. & the Caribbean,High income,2022,3,hist_gbr,2.09,71.461231087967,69.37123108796699,69.37123108796699,strict
ECU,Ecuador,L. Amer. & the Caribbean,Upper middle income,2021,3,hist_gbr,0.71,16.414243209576536,15.704243209576536,15.704243209576536,strict
GRD,Grenada,L. Amer. & the Caribbean,Upper middle income,2011,3,hist_gbr,98.5,23.094681227750915,75.40531877224909,-75.40531877224909,strict
GTM,Guatemala,L. Amer. & the Caribbean,Upper middle income,2018,3,hist_gbr,41.9,8.969331912784678,32.930668087215324,-32.930668087215324,strict
GUY,Guyana,L. Amer. & the Caribbean,High income,2021,3,hist_gbr,0.0,37.72670311987629,37.72670311987629,37.72670311987629,strict
HND,Honduras,L. Amer. & the Caribbean,Lower middle income,2021,3,hist_gbr,22.31,4.026706326698284,18.283293673301714,-18.283293673301714,strict
HTI,Haiti,L. Amer. & the Caribbean,Lower middle income,2021,3,hist_gbr,0.0,4.494159538594932,4.494159538594932,4.494159538594932,strict
JAM,Jamaica,L. Amer. & the Caribbean,Upper middle income,2021,3,hist_gbr,0.0,10.256637333966651,10.256637333966651,10.256637333966651,strict
MEX,Mexico,L. Amer. & the Caribbean,Upper middle income,2021,3,hist_gbr,76.85000000000001,49.10973697075102,27.740263029248986,-27.740263029248986,strict
NIC,Nicaragua,L. Amer. & the Caribbean,Lower middle income,2021,3,hist_gbr,0.0,7.130642587910059,7.130642587910059,7.130642587910059,strict
PAN,Panama,L. Amer. & the Caribbean,High income,2021,3,hist_gbr,0.0,44.35247804024832,44.35247804024832,44.35247804024832,strict
PRI,Puerto Rico,L. Amer. & the Caribbean,High income,2020,3,hist_gbr,14.000000000000002,42.43253207332718,28.43253207332718,28.43253207332718,strict
PRY,Paraguay,L. Amer. & the Caribbean,Upper middle income,2021,3,hist_gbr,0.0,22.045224972140495,22.045224972140495,22.045224972140495,strict
SLV,El Salvador,L. Amer. & the Caribbean,Upper middle income,2021,3,hist_gbr,0.65,12.126384924536431,11.47638492453643,11.47638492453643,strict
SUR,Suriname,L. Amer. & the Caribbean,Upper middle income,2022,3,hist_gbr,5.0,23.83262759938243,18.83262759938243,18.83262759938243,strict
SXM,Sint Maarten (Dutch part),L. Amer. & the Caribbean,High income,2019,3,hist_gbr,10.0,50.82796898974823,40.82796898974823,40.82796898974823,strict
URY,Uruguay,L. Amer. & the Caribbean,High income,2021,3,hist_gbr,94.7622308955103,18.398532100434768,76.36369879507554,-76.36369879507554,strict
VCT,St. Vincent and the Grenadines,L. Amer. & the Caribbean,Upper middle income,2020,3,hist_gbr,0.0260407537796651,37.747577764553064,37.721537010773396,37.721537010773396,strict
VEN,"Venezuela, RB",L. Amer. & the Caribbean,Lower middle income,2021,3,hist_gbr,0.0,13.28367548589904,13.28367548589904,13.28367548589904,strict
VGB,British Virgin Islands,L. Amer. & the Caribbean,High income,2005,3,hist_gbr,80.25,74.75317694098894,5.496823059011064,-5.496823059011064,strict
ARE,United Arab Emirates,Mid. East & N. Africa,High income,2022,4,dummy_mean,9.550454742312688,43.053001429488205,33.50254668717552,33.50254668717552,strict
BHR,Bahrain,Mid. East & N. Africa,High income,2022,4,dummy_mean,27.784791332530407,43.053001429488205,15.268210096957798,15.268210096957798,strict
DJI,Djibouti,Mid. East & N. Africa,Lower middle income,2004,4,dummy_mean,0.0,43.053001429488205,43.053001429488205,43.053001429488205,strict
DZA,Algeria,Mid. East & N. Africa,Upper middle income,2012,4,dummy_mean,40.0,43.053001429488205,3.053001429488205,3.053001429488205,strict
EGY,"Egypt, Arab Rep.",Mid. East & N. Africa,Lower middle income,2016,4,dummy_mean,26.5,43.053001429488205,16.553001429488205,16.553001429488205,strict
IRN,"Iran, Islamic Rep.",Mid. East & N. Africa,Upper middle income,2023,4,dummy_mean,34.0,43.053001429488205,9.053001429488205,9.053001429488205,strict
IRQ,Iraq,Mid. East & N. Africa,Upper middle income,2019,4,dummy_mean,0.062722563936549,43.053001429488205,42.99027886555166,42.99027886555166,strict
ISR,Israel,Mid. East & N. Africa,High income,2020,4,dummy_mean,24.3,43.053001429488205,18.753001429488204,18.753001429488204,strict
JOR,Jordan,Mid. East & N. Africa,Upper middle income,2012,4,dummy_mean,7.000000000000001,43.053001429488205,36.053001429488205,36.053001429488205,strict
KWT,Kuwait,Mid. East & N. Africa,High income,2022,4,dummy_mean,0.0,43.053001429488205,43.053001429488205,43.053001429488205,strict
LBN,Lebanon,Mid. East & N. Africa,Lower middle income,2022,4,dummy_mean,0.0,43.053001429488205,43.053001429488205,43.053001429488205,strict
LBY,Libya,Mid. East & N. Africa,Upper middle income,2023,4,dummy_mean,0.0,43.053001429488205,43.053001429488205,43.053001429488205,strict
MAR,Morocco,Mid. East & N. Africa,Lower middle income,2021,4,dummy_mean,63.10000000000001,43.053001429488205,20.046998570511803,-20.046998570511803,strict
MLT,Malta,Mid. East & N. Africa,High income,2022,4,dummy_mean,13.37204699233241,43.053001429488205,29.680954437155798,29.680954437155798,strict
OMN,Oman,Mid. East & N. Africa,High income,2022,4,dummy_mean,100.1,43.053001429488205,57.04699857051179,-57.04699857051179,strict
QAT,Qatar,Mid. East & N. Africa,High income,2020,4,dummy_mean,0.313277129768641,43.053001429488205,42.73972429971956,42.73972429971956,strict
SAU,Saudi Arabia,Mid. East & N. Africa,High income,2022,4,dummy_mean,92.27334721311568,43.053001429488205,49.22034578362748,-49.22034578362748,strict
TUN,Tunisia,Mid. East & N. Africa,Lower middle income,2012,4,dummy_mean,9.0,43.053001429488205,34.053001429488205,34.053001429488205,strict
YEM,"Yemen, Rep.",Mid. East & N. Africa,Low income,2016,4,dummy_mean,0.0,43.053001429488205,43.053001429488205,43.053001429488205,strict
ARE,United Arab Emirates,Mid. East & N. Africa,High income,2022,4,linear,9.550454742312688,78.43994165716221,68.88948691484953,68.88948691484953,strict
BHR,Bahrain,Mid. East & N. Africa,High income,2022,4,linear,27.784791332530407,75.24494467964627,47.46015334711586,47.46015334711586,strict
DJI,Djibouti,Mid. East & N. Africa,Lower middle income,2004,4,linear,0.0,37.83282696580414,37.83282696580414,37.83282696580414,strict
DZA,Algeria,Mid. East & N. Africa,Upper middle income,2012,4,linear,40.0,32.55172001882278,7.4482799811772225,-7.4482799811772225,strict
EGY,"Egypt, Arab Rep.",Mid. East & N. Africa,Lower middle income,2016,4,linear,26.5,47.23615720602081,20.736157206020813,20.736157206020813,strict
IRN,"Iran, Islamic Rep.",Mid. East & N. Africa,Upper middle income,2023,4,linear,34.0,42.037087109986786,8.037087109986786,8.037087109986786,strict
IRQ,Iraq,Mid. East & N. Africa,Upper middle income,2019,4,linear,0.062722563936549,40.09812955839206,40.03540699445551,40.03540699445551,strict
ISR,Israel,Mid. East & N. Africa,High income,2020,4,linear,24.3,67.26407958438837,42.96407958438837,42.96407958438837,strict
JOR,Jordan,Mid. East & N. Africa,Upper middle income,2012,4,linear,7.000000000000001,25.578450558916472,18.578450558916472,18.578450558916472,strict
KWT,Kuwait,Mid. East & N. Africa,High income,2022,4,linear,0.0,66.39763459862748,66.39763459862748,66.39763459862748,strict
LBN,Lebanon,Mid. East & N. Africa,Lower middle income,2022,4,linear,0.0,29.859499831160882,29.859499831160882,29.859499831160882,strict
LBY,Libya,Mid. East & N. Africa,Upper middle income,2023,4,linear,0.0,13.810383010001058,13.810383010001058,13.810383010001058,strict
MAR,Morocco,Mid. East & N. Africa,Lower middle income,2021,4,linear,63.10000000000001,25.512248292222942,37.587751707777066,-37.587751707777066,strict
MLT,Malta,Mid. East & N. Africa,High income,2022,4,linear,13.37204699233241,72.67253017116647,59.300483178834064,59.300483178834064,strict
OMN,Oman,Mid. East & N. Africa,High income,2022,4,linear,100.1,52.62051527469442,47.479484725305575,-47.479484725305575,strict
QAT,Qatar,Mid. East & N. Africa,High income,2020,4,linear,0.313277129768641,84.98752723445372,84.67425010468509,84.67425010468509,strict
SAU,Saudi Arabia,Mid. East & N. Africa,High income,2022,4,linear,92.27334721311568,71.38049624359638,20.8928509695193,-20.8928509695193,strict
TUN,Tunisia,Mid. East & N. Africa,Lower middle income,2012,4,linear,9.0,30.998863600665665,21.998863600665665,21.998863600665665,strict
YEM,"Yemen, Rep.",Mid. East & N. Africa,Low income,2016,4,linear,0.0,59.13182594268157,59.13182594268157,59.13182594268157,strict
ARE,United Arab Emirates,Mid. East & N. Africa,High income,2022,4,ridge,9.550454742312688,78.41080305808993,68.86034831577723,68.86034831577723,strict
BHR,Bahrain,Mid. East & N. Africa,High income,2022,4,ridge,27.784791332530407,75.23850543920469,47.45371410667428,47.45371410667428,strict
DJI,Djibouti,Mid. East & N. Africa,Lower middle income,2004,4,ridge,0.0,37.849325375856054,37.849325375856054,37.849325375856054,strict
DZA,Algeria,Mid. East & N. Africa,Upper middle income,2012,4,ridge,40.0,32.5719911924926,7.428008807507403,-7.428008807507403,strict
EGY,"Egypt, Arab Rep.",Mid. East & N. Africa,Lower middle income,2016,4,ridge,26.5,47.20655574075086,20.706555740750858,20.706555740750858,strict
IRN,"Iran, Islamic Rep.",Mid. East & N. Africa,Upper middle income,2023,4,ridge,34.0,42.0529352254568,8.0529352254568,8.0529352254568,strict
IRQ,Iraq,Mid. East & N. Africa,Upper middle income,2019,4,ridge,0.062722563936549,40.1097361820042,40.04701361806765,40.04701361806765,strict
ISR,Israel,Mid. East & N. Africa,High income,2020,4,ridge,24.3,67.25941710347908,42.95941710347908,42.95941710347908,strict
JOR,Jordan,Mid. East & N. Africa,Upper middle income,2012,4,ridge,7.000000000000001,25.62890420011007,18.62890420011007,18.62890420011007,strict
KWT,Kuwait,Mid. East & N. Africa,High income,2022,4,ridge,0.0,66.4033299210207,66.4033299210207,66.4033299210207,strict
LBN,Lebanon,Mid. East & N. Africa,Lower middle income,2022,4,ridge,0.0,29.910489237715645,29.910489237715645,29.910489237715645,strict
LBY,Libya,Mid. East & N. Africa,Upper middle income,2023,4,ridge,0.0,13.880144789896601,13.880144789896601,13.880144789896601,strict
MAR,Morocco,Mid. East & N. Africa,Lower middle income,2021,4,ridge,63.10000000000001,25.53760742372606,37.56239257627395,-37.56239257627395,strict
MLT,Malta,Mid. East & N. Africa,High income,2022,4,ridge,13.37204699233241,72.66505333701419,59.29300634468178,59.29300634468178,strict
OMN,Oman,Mid. East & N. Africa,High income,2022,4,ridge,100.1,52.623199047850086,47.47680095214991,-47.47680095214991,strict
QAT,Qatar,Mid. East & N. Africa,High income,2020,4,ridge,0.313277129768641,84.96394673056471,84.65066960079608,84.65066960079608,strict
SAU,Saudi Arabia,Mid. East & N. Africa,High income,2022,4,ridge,92.27334721311568,71.35911707414436,20.91423013897132,-20.91423013897132,strict
TUN,Tunisia,Mid. East & N. Africa,Lower middle income,2012,4,ridge,9.0,31.021225365652676,22.021225365652676,22.021225365652676,strict
YEM,"Yemen, Rep.",Mid. East & N. Africa,Low income,2016,4,ridge,0.0,59.07317257850981,59.07317257850981,59.07317257850981,strict
ARE,United Arab Emirates,Mid. East & N. Africa,High income,2022,4,random_forest,9.550454742312688,95.35427751813388,85.8038227758212,85.8038227758212,strict
BHR,Bahrain,Mid. East & N. Africa,High income,2022,4,random_forest,27.784791332530407,74.35827138299355,46.57348005046315,46.57348005046315,strict
DJI,Djibouti,Mid. East & N. Africa,Lower middle income,2004,4,random_forest,0.0,30.072308348531205,30.072308348531205,30.072308348531205,strict
DZA,Algeria,Mid. East & N. Africa,Upper middle income,2012,4,random_forest,40.0,18.91703571679419,21.08296428320581,-21.08296428320581,strict
EGY,"Egypt, Arab Rep.",Mid. East & N. Africa,Lower middle income,2016,4,random_forest,26.5,24.497104937375767,2.0028950626242334,-2.0028950626242334,strict
IRN,"Iran, Islamic Rep.",Mid. East & N. Africa,Upper middle income,2023,4,random_forest,34.0,35.47746604924332,1.4774660492433185,1.4774660492433185,strict
IRQ,Iraq,Mid. East & N. Africa,Upper middle income,2019,4,random_forest,0.062722563936549,20.671586252891288,20.608863688954738,20.608863688954738,strict
ISR,Israel,Mid. East & N. Africa,High income,2020,4,random_forest,24.3,75.90688222235384,51.606882222353846,51.606882222353846,strict
JOR,Jordan,Mid. East & N. Africa,Upper middle income,2012,4,random_forest,7.000000000000001,9.292012142591757,2.292012142591756,2.292012142591756,strict
KWT,Kuwait,Mid. East & N. Africa,High income,2022,4,random_forest,0.0,71.45740980851102,71.45740980851102,71.45740980851102,strict
LBN,Lebanon,Mid. East & N. Africa,Lower middle income,2022,4,random_forest,0.0,9.27513348758086,9.27513348758086,9.27513348758086,strict
LBY,Libya,Mid. East & N. Africa,Upper middle income,2023,4,random_forest,0.0,10.540266560587787,10.540266560587787,10.540266560587787,strict
MAR,Morocco,Mid. East & N. Africa,Lower middle income,2021,4,random_forest,63.10000000000001,14.142186531722967,48.95781346827704,-48.95781346827704,strict
MLT,Malta,Mid. East & N. Africa,High income,2022,4,random_forest,13.37204699233241,63.62777652852514,50.25572953619273,50.25572953619273,strict
OMN,Oman,Mid. East & N. Africa,High income,2022,4,random_forest,100.1,51.66732329168533,48.432676708314666,-48.432676708314666,strict
QAT,Qatar,Mid. East & N. Africa,High income,2020,4,random_forest,0.313277129768641,80.34102604709027,80.02774891732163,80.02774891732163,strict
SAU,Saudi Arabia,Mid. East & N. Africa,High income,2022,4,random_forest,92.27334721311568,87.79079733006122,4.48254988305446,-4.48254988305446,strict
TUN,Tunisia,Mid. East & N. Africa,Lower middle income,2012,4,random_forest,9.0,10.984337080603028,1.9843370806030283,1.9843370806030283,strict
YEM,"Yemen, Rep.",Mid. East & N. Africa,Low income,2016,4,random_forest,0.0,53.954010371453904,53.954010371453904,53.954010371453904,strict
ARE,United Arab Emirates,Mid. East & N. Africa,High income,2022,4,hist_gbr,9.550454742312688,100.0,90.4495452576873,90.4495452576873,strict
BHR,Bahrain,Mid. East & N. Africa,High income,2022,4,hist_gbr,27.784791332530407,57.609361777977796,29.82457044544739,29.82457044544739,strict
DJI,Djibouti,Mid. East & N. Africa,Lower middle income,2004,4,hist_gbr,0.0,25.136815267764874,25.136815267764874,25.136815267764874,strict
DZA,Algeria,Mid. East & N. Africa,Upper middle income,2012,4,hist_gbr,40.0,57.571089987362946,17.571089987362946,17.571089987362946,strict
EGY,"Egypt, Arab Rep.",Mid. East & N. Africa,Lower middle income,2016,4,hist_gbr,26.5,24.22089158508819,2.2791084149118106,-2.2791084149118106,strict
IRN,"Iran, Islamic Rep.",Mid. East & N. Africa,Upper middle income,2023,4,hist_gbr,34.0,55.85967876245358,21.859678762453584,21.859678762453584,strict
IRQ,Iraq,Mid. East & N. Africa,Upper middle income,2019,4,hist_gbr,0.062722563936549,31.67340046697309,31.61067790303654,31.61067790303654,strict
ISR,Israel,Mid. East & N. Africa,High income,2020,4,hist_gbr,24.3,72.7449280801377,48.4449280801377,48.4449280801377,strict
JOR,Jordan,Mid. East & N. Africa,Upper middle income,2012,4,hist_gbr,7.000000000000001,0.0,7.000000000000001,-7.000000000000001,strict
KWT,Kuwait,Mid. East & N. Africa,High income,2022,4,hist_gbr,0.0,57.02666766646678,57.02666766646678,57.02666766646678,strict
LBN,Lebanon,Mid. East & N. Africa,Lower middle income,2022,4,hist_gbr,0.0,19.46458220146638,19.46458220146638,19.46458220146638,strict
LBY,Libya,Mid. East & N. Africa,Upper middle income,2023,4,hist_gbr,0.0,22.376681610033472,22.376681610033472,22.376681610033472,strict
MAR,Morocco,Mid. East & N. Africa,Lower middle income,2021,4,hist_gbr,63.10000000000001,10.47180844954685,52.62819155045316,-52.62819155045316,strict
MLT,Malta,Mid. East & N. Africa,High income,2022,4,hist_gbr,13.37204699233241,46.8777745817717,33.505727589439296,33.505727589439296,strict
OMN,Oman,Mid. East & N. Africa,High income,2022,4,hist_gbr,100.1,40.82382609667303,59.27617390332696,-59.27617390332696,strict
QAT,Qatar,Mid. East & N. Africa,High income,2020,4,hist_gbr,0.313277129768641,80.26406172148307,79.95078459171444,79.95078459171444,strict
SAU,Saudi Arabia,Mid. East & N. Africa,High income,2022,4,hist_gbr,92.27334721311568,86.55984639955796,5.713500813557729,-5.713500813557729,strict
TUN,Tunisia,Mid. East & N. Africa,Lower middle income,2012,4,hist_gbr,9.0,8.113605243996627,0.8863947560033729,-0.8863947560033729,strict
YEM,"Yemen, Rep.",Mid. East & N. Africa,Low income,2016,4,hist_gbr,0.0,45.89170914530683,45.89170914530683,45.89170914530683,strict
BMU,Bermuda,N. Amer.,High income,2021,5,dummy_mean,86.30136986301365,39.99213802123232,46.309231841781326,-46.309231841781326,strict
CAN,Canada,N. Amer.,High income,2022,5,dummy_mean,37.45848529406627,39.99213802123232,2.53365272716605,2.53365272716605,strict
USA,United States,N. Amer.,High income,2018,5,dummy_mean,100.0,39.99213802123232,60.00786197876768,-60.00786197876768,strict
BMU,Bermuda,N. Amer.,High income,2021,5,linear,86.30136986301365,67.5608062577392,18.740563605274446,-18.740563605274446,strict
CAN,Canada,N. Amer.,High income,2022,5,linear,37.45848529406627,62.812831727006895,25.354346432940623,25.354346432940623,strict
USA,United States,N. Amer.,High income,2018,5,linear,100.0,75.98847653738642,24.01152346261358,-24.01152346261358,strict
BMU,Bermuda,N. Amer.,High income,2021,5,ridge,86.30136986301365,67.55233012036122,18.74903974265243,-18.74903974265243,strict
CAN,Canada,N. Amer.,High income,2022,5,ridge,37.45848529406627,62.79662555149621,25.33814025742994,25.33814025742994,strict
USA,United States,N. Amer.,High income,2018,5,ridge,100.0,75.95159006764942,24.04840993235058,-24.04840993235058,strict
BMU,Bermuda,N. Amer.,High income,2021,5,random_forest,86.30136986301365,44.389450188316125,41.91191967469752,-41.91191967469752,strict
CAN,Canada,N. Amer.,High income,2022,5,random_forest,37.45848529406627,90.42300690606814,52.96452161200187,52.96452161200187,strict
USA,United States,N. Amer.,High income,2018,5,random_forest,100.0,87.27123340556605,12.72876659443395,-12.72876659443395,strict
BMU,Bermuda,N. Amer.,High income,2021,5,hist_gbr,86.30136986301365,59.29515169640699,27.006218166606658,-27.006218166606658,strict
CAN,Canada,N. Amer.,High income,2022,5,hist_gbr,37.45848529406627,100.0,62.54151470593373,62.54151470593373,strict
USA,United States,N. Amer.,High income,2018,5,hist_gbr,100.0,98.25499572833878,1.745004271661216,-1.745004271661216,strict
AFG,Afghanistan,S. Asia,Low income,2017,6,dummy_mean,33.1,41.76642942338705,8.66642942338705,8.66642942338705,strict
BTN,Bhutan,S. Asia,Lower middle income,2019,6,dummy_mean,23.7268502997224,41.76642942338705,18.03957912366465,18.03957912366465,strict
IND,India,S. Asia,Lower middle income,2020,6,dummy_mean,0.0,41.76642942338705,41.76642942338705,41.76642942338705,strict
LKA,Sri Lanka,S. Asia,Upper middle income,2016,6,dummy_mean,22.54,41.76642942338705,19.226429423387053,19.226429423387053,strict
MDV,Maldives,S. Asia,Upper middle income,2016,6,dummy_mean,0.0,41.76642942338705,41.76642942338705,41.76642942338705,strict
NPL,Nepal,S. Asia,Lower middle income,2013,6,dummy_mean,0.0,41.76642942338705,41.76642942338705,41.76642942338705,strict
AFG,Afghanistan,S. Asia,Low income,2017,6,linear,33.1,6.229585012452304,26.870414987547697,-26.870414987547697,strict
BTN,Bhutan,S. Asia,Lower middle income,2019,6,linear,23.7268502997224,33.35100488429278,9.624154584570377,9.624154584570377,strict
IND,India,S. Asia,Lower middle income,2020,6,linear,0.0,44.31865575035458,44.31865575035458,44.31865575035458,strict
LKA,Sri Lanka,S. Asia,Upper middle income,2016,6,linear,22.54,57.871954859380665,35.331954859380666,35.331954859380666,strict
MDV,Maldives,S. Asia,Upper middle income,2016,6,linear,0.0,54.58489708643576,54.58489708643576,54.58489708643576,strict
NPL,Nepal,S. Asia,Lower middle income,2013,6,linear,0.0,0.0,0.0,0.0,strict
AFG,Afghanistan,S. Asia,Low income,2017,6,ridge,33.1,6.242153883566104,26.857846116433898,-26.857846116433898,strict
BTN,Bhutan,S. Asia,Lower middle income,2019,6,ridge,23.7268502997224,33.33810276502901,9.611252465306606,9.611252465306606,strict
IND,India,S. Asia,Lower middle income,2020,6,ridge,0.0,44.28322274489648,44.28322274489648,44.28322274489648,strict
LKA,Sri Lanka,S. Asia,Upper middle income,2016,6,ridge,22.54,57.80282946301751,35.26282946301751,35.26282946301751,strict
MDV,Maldives,S. Asia,Upper middle income,2016,6,ridge,0.0,54.53914751345023,54.53914751345023,54.53914751345023,strict
NPL,Nepal,S. Asia,Lower middle income,2013,6,ridge,0.0,0.0,0.0,0.0,strict
AFG,Afghanistan,S. Asia,Low income,2017,6,random_forest,33.1,20.015714139304574,13.084285860695427,-13.084285860695427,strict
BTN,Bhutan,S. Asia,Lower middle income,2019,6,random_forest,23.7268502997224,13.012425992953226,10.714424306769175,-10.714424306769175,strict
IND,India,S. Asia,Lower middle income,2020,6,random_forest,0.0,33.76753111921755,33.76753111921755,33.76753111921755,strict
LKA,Sri Lanka,S. Asia,Upper middle income,2016,6,random_forest,22.54,34.94715527793735,12.407155277937349,12.407155277937349,strict
MDV,Maldives,S. Asia,Upper middle income,2016,6,random_forest,0.0,63.57106728837999,63.57106728837999,63.57106728837999,strict
NPL,Nepal,S. Asia,Lower middle income,2013,6,random_forest,0.0,9.437179875629797,9.437179875629797,9.437179875629797,strict
AFG,Afghanistan,S. Asia,Low income,2017,6,hist_gbr,33.1,0.0,33.1,-33.1,strict
BTN,Bhutan,S. Asia,Lower middle income,2019,6,hist_gbr,23.7268502997224,1.60196806261889,22.12488223710351,-22.12488223710351,strict
IND,India,S. Asia,Lower middle income,2020,6,hist_gbr,0.0,43.0430128240433,43.0430128240433,43.0430128240433,strict
LKA,Sri Lanka,S. Asia,Upper middle income,2016,6,hist_gbr,22.54,38.56412379127879,16.02412379127879,16.02412379127879,strict
MDV,Maldives,S. Asia,Upper middle income,2016,6,hist_gbr,0.0,79.75827151160111,79.75827151160111,79.75827151160111,strict
NPL,Nepal,S. Asia,Lower middle income,2013,6,hist_gbr,0.0,11.684534087917772,11.684534087917772,11.684534087917772,strict
BFA,Burkina Faso,Sub-Saharan Africa,Low income,2009,7,dummy_mean,0.0,44.49957466276635,44.49957466276635,44.49957466276635,strict
BWA,Botswana,Sub-Saharan Africa,Upper middle income,2017,7,dummy_mean,0.6290622406639,44.49957466276635,43.87051242210245,43.87051242210245,strict
CPV,Cabo Verde,Sub-Saharan Africa,Upper middle income,2013,7,dummy_mean,5.1,44.49957466276635,39.39957466276635,39.39957466276635,strict
ETH,Ethiopia,Sub-Saharan Africa,Low income,2022,7,dummy_mean,3.818275977815001,44.49957466276635,40.68129868495135,40.68129868495135,strict
GAB,Gabon,Sub-Saharan Africa,Upper middle income,2017,7,dummy_mean,0.0,44.49957466276635,44.49957466276635,44.49957466276635,strict
GIN,Guinea,Sub-Saharan Africa,Lower middle income,2005,7,dummy_mean,5.0,44.49957466276635,39.49957466276635,39.49957466276635,strict
GMB,"Gambia, The",Sub-Saharan Africa,Low income,2014,7,dummy_mean,0.0,44.49957466276635,44.49957466276635,44.49957466276635,strict
KEN,Kenya,Sub-Saharan Africa,Lower middle income,2021,7,dummy_mean,0.0,44.49957466276635,44.49957466276635,44.49957466276635,strict
LBR,Liberia,Sub-Saharan Africa,Low income,2024,7,dummy_mean,0.0,44.49957466276635,44.49957466276635,44.49957466276635,strict
MOZ,Mozambique,Sub-Saharan Africa,Low income,2017,7,dummy_mean,1.5,44.49957466276635,42.99957466276635,42.99957466276635,strict
MRT,Mauritania,Sub-Saharan Africa,Lower middle income,2013,7,dummy_mean,45.3,44.49957466276635,0.8004253372336478,-0.8004253372336478,strict
MWI,Malawi,Sub-Saharan Africa,Low income,2022,7,dummy_mean,4.0,44.49957466276635,40.49957466276635,40.49957466276635,strict
SEN,Senegal,Sub-Saharan Africa,Lower middle income,2014,7,dummy_mean,5.1,44.49957466276635,39.39957466276635,39.39957466276635,strict
SWZ,Eswatini,Sub-Saharan Africa,Lower middle income,2017,7,dummy_mean,29.4057673669239,44.49957466276635,15.09380729584245,15.09380729584245,strict
SYC,Seychelles,Sub-Saharan Africa,High income,2017,7,dummy_mean,84.4,44.49957466276635,39.900425337233656,-39.900425337233656,strict
TZA,Tanzania,Sub-Saharan Africa,Lower middle income,2020,7,dummy_mean,7.5,44.49957466276635,36.99957466276635,36.99957466276635,strict
ZAF,South Africa,Sub-Saharan Africa,Upper middle income,2023,7,dummy_mean,8.37,44.49957466276635,36.12957466276635,36.12957466276635,strict
ZMB,Zambia,Sub-Saharan Africa,Lower middle income,2024,7,dummy_mean,6.0,44.49957466276635,38.49957466276635,38.49957466276635,strict
BFA,Burkina Faso,Sub-Saharan Africa,Low income,2009,7,linear,0.0,0.0,0.0,0.0,strict
BWA,Botswana,Sub-Saharan Africa,Upper middle income,2017,7,linear,0.6290622406639,26.437149240486946,25.808086999823047,25.808086999823047,strict
CPV,Cabo Verde,Sub-Saharan Africa,Upper middle income,2013,7,linear,5.1,4.762261808788658,0.33773819121134174,-0.33773819121134174,strict
ETH,Ethiopia,Sub-Saharan Africa,Low income,2022,7,linear,3.818275977815001,0.8161078184804609,3.00216815933454,-3.00216815933454,strict
GAB,Gabon,Sub-Saharan Africa,Upper middle income,2017,7,linear,0.0,23.985848421241826,23.985848421241826,23.985848421241826,strict
GIN,Guinea,Sub-Saharan Africa,Lower middle income,2005,7,linear,5.0,0.0,5.0,-5.0,strict
GMB,"Gambia, The",Sub-Saharan Africa,Low income,2014,7,linear,0.0,0.0,0.0,0.0,strict
KEN,Kenya,Sub-Saharan Africa,Lower middle income,2021,7,linear,0.0,16.443756197319896,16.443756197319896,16.443756197319896,strict
LBR,Liberia,Sub-Saharan Africa,Low income,2024,7,linear,0.0,0.0,0.0,0.0,strict
MOZ,Mozambique,Sub-Saharan Africa,Low income,2017,7,linear,1.5,0.0,1.5,-1.5,strict
MRT,Mauritania,Sub-Saharan Africa,Lower middle income,2013,7,linear,45.3,0.0,45.3,-45.3,strict
MWI,Malawi,Sub-Saharan Africa,Low income,2022,7,linear,4.0,0.0,4.0,-4.0,strict
SEN,Senegal,Sub-Saharan Africa,Lower middle income,2014,7,linear,5.1,0.0,5.1,-5.1,strict
SWZ,Eswatini,Sub-Saharan Africa,Lower middle income,2017,7,linear,29.4057673669239,26.20379329347909,3.201974073444809,-3.201974073444809,strict
SYC,Seychelles,Sub-Saharan Africa,High income,2017,7,linear,84.4,51.615783978089866,32.78421602191014,-32.78421602191014,strict
TZA,Tanzania,Sub-Saharan Africa,Lower middle income,2020,7,linear,7.5,2.281390147818655,5.218609852181345,-5.218609852181345,strict
ZAF,South Africa,Sub-Saharan Africa,Upper middle income,2023,7,linear,8.37,33.69073774036288,25.32073774036288,25.32073774036288,strict
ZMB,Zambia,Sub-Saharan Africa,Lower middle income,2024,7,linear,6.0,0.0,6.0,-6.0,strict
BFA,Burkina Faso,Sub-Saharan Africa,Low income,2009,7,ridge,0.0,0.0,0.0,0.0,strict
BWA,Botswana,Sub-Saharan Africa,Upper middle income,2017,7,ridge,0.6290622406639,26.46334948680606,25.83428724614216,25.83428724614216,strict
CPV,Cabo Verde,Sub-Saharan Africa,Upper middle income,2013,7,ridge,5.1,4.812858845482793,0.28714115451720623,-0.28714115451720623,strict
ETH,Ethiopia,Sub-Saharan Africa,Low income,2022,7,ridge,3.818275977815001,0.8399501637700979,2.978325814044903,-2.978325814044903,strict
GAB,Gabon,Sub-Saharan Africa,Upper middle income,2017,7,ridge,0.0,24.03275271295699,24.03275271295699,24.03275271295699,strict
GIN,Guinea,Sub-Saharan Africa,Lower middle income,2005,7,ridge,5.0,0.0,5.0,-5.0,strict
GMB,"Gambia, The",Sub-Saharan Africa,Low income,2014,7,ridge,0.0,0.0,0.0,0.0,strict
KEN,Kenya,Sub-Saharan Africa,Lower middle income,2021,7,ridge,0.0,16.453255705109566,16.453255705109566,16.453255705109566,strict
LBR,Liberia,Sub-Saharan Africa,Low income,2024,7,ridge,0.0,0.0,0.0,0.0,strict
MOZ,Mozambique,Sub-Saharan Africa,Low income,2017,7,ridge,1.5,0.0,1.5,-1.5,strict
MRT,Mauritania,Sub-Saharan Africa,Lower middle income,2013,7,ridge,45.3,0.0,45.3,-45.3,strict
MWI,Malawi,Sub-Saharan Africa,Low income,2022,7,ridge,4.0,0.0,4.0,-4.0,strict
SEN,Senegal,Sub-Saharan Africa,Lower middle income,2014,7,ridge,5.1,0.0,5.1,-5.1,strict
SWZ,Eswatini,Sub-Saharan Africa,Lower middle income,2017,7,ridge,29.4057673669239,26.194003534740457,3.2117638321834434,-3.2117638321834434,strict
SYC,Seychelles,Sub-Saharan Africa,High income,2017,7,ridge,84.4,51.58538477022106,32.814615229778944,-32.814615229778944,strict
TZA,Tanzania,Sub-Saharan Africa,Lower middle income,2020,7,ridge,7.5,2.312444508919782,5.187555491080218,-5.187555491080218,strict
ZAF,South Africa,Sub-Saharan Africa,Upper middle income,2023,7,ridge,8.37,33.7029457167026,25.332945716702604,25.332945716702604,strict
ZMB,Zambia,Sub-Saharan Africa,Lower middle income,2024,7,ridge,6.0,0.0,6.0,-6.0,strict
BFA,Burkina Faso,Sub-Saharan Africa,Low income,2009,7,random_forest,0.0,12.5127576176184,12.5127576176184,12.5127576176184,strict
BWA,Botswana,Sub-Saharan Africa,Upper middle income,2017,7,random_forest,0.6290622406639,29.289687369852942,28.660625129189043,28.660625129189043,strict
CPV,Cabo Verde,Sub-Saharan Africa,Upper middle income,2013,7,random_forest,5.1,2.6341325005809066,2.465867499419093,-2.465867499419093,strict
ETH,Ethiopia,Sub-Saharan Africa,Low income,2022,7,random_forest,3.818275977815001,30.230955791517975,26.412679813702972,26.412679813702972,strict
GAB,Gabon,Sub-Saharan Africa,Upper middle income,2017,7,random_forest,0.0,36.31833284499844,36.31833284499844,36.31833284499844,strict
GIN,Guinea,Sub-Saharan Africa,Lower middle income,2005,7,random_forest,5.0,6.970274029430686,1.9702740294306862,1.9702740294306862,strict
GMB,"Gambia, The",Sub-Saharan Africa,Low income,2014,7,random_forest,0.0,2.1583881744310682,2.1583881744310682,2.1583881744310682,strict
KEN,Kenya,Sub-Saharan Africa,Lower middle income,2021,7,random_forest,0.0,30.85029379680501,30.85029379680501,30.85029379680501,strict
LBR,Liberia,Sub-Saharan Africa,Low income,2024,7,random_forest,0.0,4.106615666669575,4.106615666669575,4.106615666669575,strict
MOZ,Mozambique,Sub-Saharan Africa,Low income,2017,7,random_forest,1.5,21.381081748476934,19.881081748476934,19.881081748476934,strict
MRT,Mauritania,Sub-Saharan Africa,Lower middle income,2013,7,random_forest,45.3,5.447084158704767,39.85291584129523,-39.85291584129523,strict
MWI,Malawi,Sub-Saharan Africa,Low income,2022,7,random_forest,4.0,16.235628790632813,12.235628790632813,12.235628790632813,strict
SEN,Senegal,Sub-Saharan Africa,Lower middle income,2014,7,random_forest,5.1,12.198132534047458,7.098132534047458,7.098132534047458,strict
SWZ,Eswatini,Sub-Saharan Africa,Lower middle income,2017,7,random_forest,29.4057673669239,7.812156219086114,21.593611147837787,-21.593611147837787,strict
SYC,Seychelles,Sub-Saharan Africa,High income,2017,7,random_forest,84.4,67.77561450872727,16.624385491272733,-16.624385491272733,strict
TZA,Tanzania,Sub-Saharan Africa,Lower middle income,2020,7,random_forest,7.5,34.56369215011495,27.063692150114953,27.063692150114953,strict
ZAF,South Africa,Sub-Saharan Africa,Upper middle income,2023,7,random_forest,8.37,36.28273283738059,27.912732837380595,27.912732837380595,strict
ZMB,Zambia,Sub-Saharan Africa,Lower middle income,2024,7,random_forest,6.0,16.731749376102986,10.731749376102986,10.731749376102986,strict
BFA,Burkina Faso,Sub-Saharan Africa,Low income,2009,7,hist_gbr,0.0,0.0,0.0,0.0,strict
BWA,Botswana,Sub-Saharan Africa,Upper middle income,2017,7,hist_gbr,0.6290622406639,13.03994268728289,12.41088044661899,12.41088044661899,strict
CPV,Cabo Verde,Sub-Saharan Africa,Upper middle income,2013,7,hist_gbr,5.1,0.0,5.1,-5.1,strict
ETH,Ethiopia,Sub-Saharan Africa,Low income,2022,7,hist_gbr,3.818275977815001,22.471453192161995,18.653177214346993,18.653177214346993,strict
GAB,Gabon,Sub-Saharan Africa,Upper middle income,2017,7,hist_gbr,0.0,37.453423468659715,37.453423468659715,37.453423468659715,strict
GIN,Guinea,Sub-Saharan Africa,Lower middle income,2005,7,hist_gbr,5.0,0.0,5.0,-5.0,strict
GMB,"Gambia, The",Sub-Saharan Africa,Low income,2014,7,hist_gbr,0.0,3.061561838657614,3.061561838657614,3.061561838657614,strict
KEN,Kenya,Sub-Saharan Africa,Lower middle income,2021,7,hist_gbr,0.0,32.41436235351598,32.41436235351598,32.41436235351598,strict
LBR,Liberia,Sub-Saharan Africa,Low income,2024,7,hist_gbr,0.0,17.999470878257842,17.999470878257842,17.999470878257842,strict
MOZ,Mozambique,Sub-Saharan Africa,Low income,2017,7,hist_gbr,1.5,0.2269921898350811,1.273007810164919,-1.273007810164919,strict
MRT,Mauritania,Sub-Saharan Africa,Lower middle income,2013,7,hist_gbr,45.3,9.516266383268576,35.783733616731425,-35.783733616731425,strict
MWI,Malawi,Sub-Saharan Africa,Low income,2022,7,hist_gbr,4.0,7.265461367027336,3.265461367027336,3.265461367027336,strict
SEN,Senegal,Sub-Saharan Africa,Lower middle income,2014,7,hist_gbr,5.1,13.675955690167179,8.575955690167179,8.575955690167179,strict
SWZ,Eswatini,Sub-Saharan Africa,Lower middle income,2017,7,hist_gbr,29.4057673669239,14.534364727043277,14.871402639880623,-14.871402639880623,strict
SYC,Seychelles,Sub-Saharan Africa,High income,2017,7,hist_gbr,84.4,63.38339203411639,21.016607965883615,-21.016607965883615,strict
TZA,Tanzania,Sub-Saharan Africa,Lower middle income,2020,7,hist_gbr,7.5,42.384315551186184,34.884315551186184,34.884315551186184,strict
ZAF,South Africa,Sub-Saharan Africa,Upper middle income,2023,7,hist_gbr,8.37,29.985001364014416,21.615001364014418,21.615001364014418,strict
ZMB,Zambia,Sub-Saharan Africa,Lower middle income,2024,7,hist_gbr,6.0,8.113064008186951,2.113064008186951,2.113064008186951,strict
AUS,Australia,E. Asia & Pacific,High income,2020,1,dummy_mean,100.00000000000004,67.934798521909,32.06520147809104,-32.06520147809104,permissive
BRN,Brunei Darussalam,E. Asia & Pacific,High income,2019,1,dummy_mean,100.0,67.934798521909,32.065201478091,-32.065201478091,permissive
CHN,China,E. Asia & Pacific,Upper middle income,2022,1,dummy_mean,99.97,67.934798521909,32.035201478091,-32.035201478091,permissive
FSM,"Micronesia, Fed. Sts.",E. Asia & Pacific,Upper middle income,2023,1,dummy_mean,0.0,67.934798521909,67.934798521909,67.934798521909,permissive
GUM,Guam,E. Asia & Pacific,High income,2022,1,dummy_mean,100.0,67.934798521909,32.065201478091,-32.065201478091,permissive
HKG,"Hong Kong SAR, China",E. Asia & Pacific,High income,2022,1,dummy_mean,100.0,67.934798521909,32.065201478091,-32.065201478091,permissive
IDN,Indonesia,E. Asia & Pacific,Upper middle income,2023,1,dummy_mean,50.45109805961616,67.934798521909,17.483700462292845,17.483700462292845,permissive
JPN,Japan,E. Asia & Pacific,High income,2022,1,dummy_mean,99.99008698669174,67.934798521909,32.055288464782734,-32.055288464782734,permissive
KHM,Cambodia,E. Asia & Pacific,Lower middle income,2018,1,dummy_mean,54.0,67.934798521909,13.934798521909002,13.934798521909002,permissive
KIR,Kiribati,E. Asia & Pacific,Lower middle income,2021,1,dummy_mean,53.06999999999997,67.934798521909,14.86479852190903,14.86479852190903,permissive
KOR,"Korea, Rep.",E. Asia & Pacific,High income,2022,1,dummy_mean,100.00002805784564,67.934798521909,32.06522953593664,-32.06522953593664,permissive
LAO,Lao PDR,E. Asia & Pacific,Lower middle income,2020,1,dummy_mean,0.0,67.934798521909,67.934798521909,67.934798521909,permissive
MAC,"Macao SAR, China",E. Asia & Pacific,High income,2022,1,dummy_mean,100.0,67.934798521909,32.065201478091,-32.065201478091,permissive
MHL,Marshall Islands,E. Asia & Pacific,Upper middle income,2021,1,dummy_mean,82.7,67.934798521909,14.765201478091,-14.765201478091,permissive
MMR,Myanmar,E. Asia & Pacific,Lower middle income,2019,1,dummy_mean,44.0,67.934798521909,23.934798521909002,23.934798521909002,permissive
MNG,Mongolia,E. Asia & Pacific,Upper middle income,2019,1,dummy_mean,79.12967263489458,67.934798521909,11.194874112985573,-11.194874112985573,permissive
MNP,Northern Mariana Islands,E. Asia & Pacific,High income,2022,1,dummy_mean,85.05586311972634,67.934798521909,17.121064597817337,-17.121064597817337,permissive
MYS,Malaysia,E. Asia & Pacific,Upper middle income,2022,1,dummy_mean,16.938697107420843,67.934798521909,50.99610141448816,50.99610141448816,permissive
NRU,Nauru,E. Asia & Pacific,High income,2020,1,dummy_mean,0.0,67.934798521909,67.934798521909,67.934798521909,permissive
NZL,New Zealand,E. Asia & Pacific,High income,2023,1,dummy_mean,100.0,67.934798521909,32.065201478091,-32.065201478091,permissive
PLW,Palau,E. Asia & Pacific,High income,2017,1,dummy_mean,90.8,67.934798521909,22.865201478090995,-22.865201478090995,permissive
PNG,Papua New Guinea,E. Asia & Pacific,Lower middle income,2021,1,dummy_mean,12.33,67.934798521909,55.604798521909004,55.604798521909004,permissive
PYF,French Polynesia,E. Asia & Pacific,High income,2014,1,dummy_mean,39.0,67.934798521909,28.934798521909002,28.934798521909002,permissive
SLB,Solomon Islands,E. Asia & Pacific,Lower middle income,2019,1,dummy_mean,9.54102833684694,67.934798521909,58.39377018506206,58.39377018506206,permissive
THA,Thailand,E. Asia & Pacific,Upper middle income,2023,1,dummy_mean,34.545454545454504,67.934798521909,33.3893439764545,33.3893439764545,permissive
TLS,Timor-Leste,E. Asia & Pacific,Lower middle income,2021,1,dummy_mean,0.0,67.934798521909,67.934798521909,67.934798521909,permissive
TWN,"Taiwan, China",E. Asia & Pacific,,2023,1,dummy_mean,99.27227698018832,67.934798521909,31.33747845827932,-31.33747845827932,permissive
AUS,Australia,E. Asia & Pacific,High income,2020,1,linear,100.00000000000004,87.22926697445354,12.770733025546505,-12.770733025546505,permissive
BRN,Brunei Darussalam,E. Asia & Pacific,High income,2019,1,linear,100.0,99.02776659590697,0.972233404093032,-0.972233404093032,permissive
CHN,China,E. Asia & Pacific,Upper middle income,2022,1,linear,99.97,73.48503625669983,26.48496374330017,-26.48496374330017,permissive
FSM,"Micronesia, Fed. Sts.",E. Asia & Pacific,Upper middle income,2023,1,linear,0.0,26.4883361793662,26.4883361793662,26.4883361793662,permissive
GUM,Guam,E. Asia & Pacific,High income,2022,1,linear,100.0,68.67854546968368,31.321454530316316,-31.321454530316316,permissive
HKG,"Hong Kong SAR, China",E. Asia & Pacific,High income,2022,1,linear,100.0,100.0,0.0,0.0,permissive
IDN,Indonesia,E. Asia & Pacific,Upper middle income,2023,1,linear,50.45109805961616,61.761401642265945,11.310303582649787,11.310303582649787,permissive
JPN,Japan,E. Asia & Pacific,High income,2022,1,linear,99.99008698669174,90.44258844050653,9.54749854618521,-9.54749854618521,permissive
KHM,Cambodia,E. Asia & Pacific,Lower middle income,2018,1,linear,54.0,39.487964635360946,14.512035364639054,-14.512035364639054,permissive
KIR,Kiribati,E. Asia & Pacific,Lower middle income,2021,1,linear,53.06999999999997,17.070347036670867,35.999652963329105,-35.999652963329105,permissive
KOR,"Korea, Rep.",E. Asia & Pacific,High income,2022,1,linear,100.00002805784564,94.77579397552093,5.224234082324713,-5.224234082324713,permissive
LAO,Lao PDR,E. Asia & Pacific,Lower middle income,2020,1,linear,0.0,44.27141976440432,44.27141976440432,44.27141976440432,permissive
MAC,"Macao SAR, China",E. Asia & Pacific,High income,2022,1,linear,100.0,99.10416872059898,0.8958312794010226,-0.8958312794010226,permissive
MHL,Marshall Islands,E. Asia & Pacific,Upper middle income,2021,1,linear,82.7,35.72315914065845,46.97684085934155,-46.97684085934155,permissive
MMR,Myanmar,E. Asia & Pacific,Lower middle income,2019,1,linear,44.0,42.911888620378605,1.0881113796213953,-1.0881113796213953,permissive
MNG,Mongolia,E. Asia & Pacific,Upper middle income,2019,1,linear,79.12967263489458,54.051675017192075,25.0779976177025,-25.0779976177025,permissive
MNP,Northern Mariana Islands,E. Asia & Pacific,High income,2022,1,linear,85.05586311972634,65.99349132183603,19.062371797890307,-19.062371797890307,permissive
MYS,Malaysia,E. Asia & Pacific,Upper middle income,2022,1,linear,16.938697107420843,79.3136439742606,62.37494686683976,62.37494686683976,permissive
NRU,Nauru,E. Asia & Pacific,High income,2020,1,linear,0.0,47.38303572521396,47.38303572521396,47.38303572521396,permissive
NZL,New Zealand,E. Asia & Pacific,High income,2023,1,linear,100.0,85.37407740846697,14.625922591533026,-14.625922591533026,permissive
PLW,Palau,E. Asia & Pacific,High income,2017,1,linear,90.8,59.036759703751045,31.763240296248952,-31.763240296248952,permissive
PNG,Papua New Guinea,E. Asia & Pacific,Lower middle income,2021,1,linear,12.33,28.144885603331346,15.814885603331346,15.814885603331346,permissive
PYF,French Polynesia,E. Asia & Pacific,High income,2014,1,linear,39.0,69.72163965329281,30.72163965329281,30.72163965329281,permissive
SLB,Solomon Islands,E. Asia & Pacific,Lower middle income,2019,1,linear,9.54102833684694,15.026247267536704,5.485218930689763,5.485218930689763,permissive
THA,Thailand,E. Asia & Pacific,Upper middle income,2023,1,linear,34.545454545454504,71.1925903850817,36.6471358396272,36.6471358396272,permissive
TLS,Timor-Leste,E. Asia & Pacific,Lower middle income,2021,1,linear,0.0,41.4485184881822,41.4485184881822,41.4485184881822,permissive
TWN,"Taiwan, China",E. Asia & Pacific,,2023,1,linear,99.27227698018832,71.89839288509013,27.37388409509819,-27.37388409509819,permissive
AUS,Australia,E. Asia & Pacific,High income,2020,1,ridge,100.00000000000004,87.21795804570247,12.782041954297569,-12.782041954297569,permissive
BRN,Brunei Darussalam,E. Asia & Pacific,High income,2019,1,ridge,100.0,98.99947161891117,1.0005283810888272,-1.0005283810888272,permissive
CHN,China,E. Asia & Pacific,Upper middle income,2022,1,ridge,99.97,73.4536812660817,26.516318733918297,-26.516318733918297,permissive
FSM,"Micronesia, Fed. Sts.",E. Asia & Pacific,Upper middle income,2023,1,ridge,0.0,26.52145535410994,26.52145535410994,26.52145535410994,permissive
GUM,Guam,E. Asia & Pacific,High income,2022,1,ridge,100.0,68.71854883444234,31.281451165557655,-31.281451165557655,permissive
HKG,"Hong Kong SAR, China",E. Asia & Pacific,High income,2022,1,ridge,100.0,100.0,0.0,0.0,permissive
IDN,Indonesia,E. Asia & Pacific,Upper middle income,2023,1,ridge,50.45109805961616,61.74688484319297,11.295786783576816,11.295786783576816,permissive
JPN,Japan,E. Asia & Pacific,High income,2022,1,ridge,99.99008698669174,90.42154511601552,9.568541870676214,-9.568541870676214,permissive
KHM,Cambodia,E. Asia & Pacific,Lower middle income,2018,1,ridge,54.0,39.49786171768264,14.502138282317361,-14.502138282317361,permissive
KIR,Kiribati,E. Asia & Pacific,Lower middle income,2021,1,ridge,53.06999999999997,17.154923380116244,35.91507661988373,-35.91507661988373,permissive
KOR,"Korea, Rep.",E. Asia & Pacific,High income,2022,1,ridge,100.00002805784564,94.74034731540905,5.259680742436586,-5.259680742436586,permissive
LAO,Lao PDR,E. Asia & Pacific,Lower middle income,2020,1,ridge,0.0,44.27698060443804,44.27698060443804,44.27698060443804,permissive
MAC,"Macao SAR, China",E. Asia & Pacific,High income,2022,1,ridge,100.0,99.09531696162657,0.9046830383734346,-0.9046830383734346,permissive
MHL,Marshall Islands,E. Asia & Pacific,Upper middle income,2021,1,ridge,82.7,35.80189688241199,46.898103117588015,-46.898103117588015,permissive
MMR,Myanmar,E. Asia & Pacific,Lower middle income,2019,1,ridge,44.0,42.90446220690546,1.0955377930945431,-1.0955377930945431,permissive
MNG,Mongolia,E. Asia & Pacific,Upper middle income,2019,1,ridge,79.12967263489458,54.0791224646305,25.050550170264074,-25.050550170264074,permissive
MNP,Northern Mariana Islands,E. Asia & Pacific,High income,2022,1,ridge,85.05586311972634,66.04115832354583,19.01470479618051,-19.01470479618051,permissive
MYS,Malaysia,E. Asia & Pacific,Upper middle income,2022,1,ridge,16.938697107420843,79.299136273163,62.36043916574216,62.36043916574216,permissive
NRU,Nauru,E. Asia & Pacific,High income,2020,1,ridge,0.0,47.471059149704914,47.471059149704914,47.471059149704914,permissive
NZL,New Zealand,E. Asia & Pacific,High income,2023,1,ridge,100.0,85.36713991963052,14.632860080369483,-14.632860080369483,permissive
PLW,Palau,E. Asia & Pacific,High income,2017,1,ridge,90.8,59.087177651167636,31.71282234883236,-31.71282234883236,permissive
PNG,Papua New Guinea,E. Asia & Pacific,Lower middle income,2021,1,ridge,12.33,28.151407976426498,15.821407976426498,15.821407976426498,permissive
PYF,French Polynesia,E. Asia & Pacific,High income,2014,1,ridge,39.0,69.72623847545563,30.72623847545563,30.72623847545563,permissive
SLB,Solomon Islands,E. Asia & Pacific,Lower middle income,2019,1,ridge,9.54102833684694,15.075729059365344,5.534700722518403,5.534700722518403,permissive
THA,Thailand,E. Asia & Pacific,Upper middle income,2023,1,ridge,34.545454545454504,71.17205312247307,36.62659857701857,36.62659857701857,permissive
TLS,Timor-Leste,E. Asia & Pacific,Lower middle income,2021,1,ridge,0.0,41.45621623264862,41.45621623264862,41.45621623264862,permissive
TWN,"Taiwan, China",E. Asia & Pacific,,2023,1,ridge,99.27227698018832,71.8919484334124,27.380328546775928,-27.380328546775928,permissive
AUS,Australia,E. Asia & Pacific,High income,2020,1,random_forest,100.00000000000004,97.07970869420595,2.9202913057940947,-2.9202913057940947,permissive
BRN,Brunei Darussalam,E. Asia & Pacific,High income,2019,1,random_forest,100.0,93.94214384132768,6.0578561586723225,-6.0578561586723225,permissive
CHN,China,E. Asia & Pacific,Upper middle income,2022,1,random_forest,99.97,66.67831187268884,33.29168812731116,-33.29168812731116,permissive
FSM,"Micronesia, Fed. Sts.",E. Asia & Pacific,Upper middle income,2023,1,random_forest,0.0,37.21916555518518,37.21916555518518,37.21916555518518,permissive
GUM,Guam,E. Asia & Pacific,High income,2022,1,random_forest,100.0,75.11159448313862,24.888405516861383,-24.888405516861383,permissive
HKG,"Hong Kong SAR, China",E. Asia & Pacific,High income,2022,1,random_forest,100.0,95.55041134220906,4.44958865779094,-4.44958865779094,permissive
IDN,Indonesia,E. Asia & Pacific,Upper middle income,2023,1,random_forest,50.45109805961616,45.25453829247368,5.196559767142475,-5.196559767142475,permissive
JPN,Japan,E. Asia & Pacific,High income,2022,1,random_forest,99.99008698669174,93.78763660972963,6.202450376962105,-6.202450376962105,permissive
KHM,Cambodia,E. Asia & Pacific,Lower middle income,2018,1,random_forest,54.0,30.82376327745899,23.17623672254101,-23.17623672254101,permissive
KIR,Kiribati,E. Asia & Pacific,Lower middle income,2021,1,random_forest,53.06999999999997,35.89254306519261,17.17745693480736,-17.17745693480736,permissive
KOR,"Korea, Rep.",E. Asia & Pacific,High income,2022,1,random_forest,100.00002805784564,96.95474879604032,3.0452792618053195,-3.0452792618053195,permissive
LAO,Lao PDR,E. Asia & Pacific,Lower middle income,2020,1,random_forest,0.0,31.327350985266524,31.327350985266524,31.327350985266524,permissive
MAC,"Macao SAR, China",E. Asia & Pacific,High income,2022,1,random_forest,100.0,91.12919884416182,8.87080115583818,-8.87080115583818,permissive
MHL,Marshall Islands,E. Asia & Pacific,Upper middle income,2021,1,random_forest,82.7,45.525359365569855,37.17464063443015,-37.17464063443015,permissive
MMR,Myanmar,E. Asia & Pacific,Lower middle income,2019,1,random_forest,44.0,39.24912873384466,4.750871266155343,-4.750871266155343,permissive
MNG,Mongolia,E. Asia & Pacific,Upper middle income,2019,1,random_forest,79.12967263489458,50.302465692206674,28.8272069426879,-28.8272069426879,permissive
MNP,Northern Mariana Islands,E. Asia & Pacific,High income,2022,1,random_forest,85.05586311972634,75.88488030604587,9.170982813680467,-9.170982813680467,permissive
MYS,Malaysia,E. Asia & Pacific,Upper middle income,2022,1,random_forest,16.938697107420843,85.39416829642019,68.45547118899935,68.45547118899935,permissive
NRU,Nauru,E. Asia & Pacific,High income,2020,1,random_forest,0.0,58.871211456494535,58.871211456494535,58.871211456494535,permissive
NZL,New Zealand,E. Asia & Pacific,High income,2023,1,random_forest,100.0,97.09116261647632,2.908837383523675,-2.908837383523675,permissive
PLW,Palau,E. Asia & Pacific,High income,2017,1,random_forest,90.8,67.68627955170531,23.113720448294686,-23.113720448294686,permissive
PNG,Papua New Guinea,E. Asia & Pacific,Lower middle income,2021,1,random_forest,12.33,19.278623375697883,6.948623375697883,6.948623375697883,permissive
PYF,French Polynesia,E. Asia & Pacific,High income,2014,1,random_forest,39.0,81.40185793687178,42.40185793687178,42.40185793687178,permissive
SLB,Solomon Islands,E. Asia & Pacific,Lower middle income,2019,1,random_forest,9.54102833684694,32.671688617778564,23.13066028093162,23.13066028093162,permissive
THA,Thailand,E. Asia & Pacific,Upper middle income,2023,1,random_forest,34.545454545454504,68.46119784589932,33.91574330044482,33.91574330044482,permissive
TLS,Timor-Leste,E. Asia & Pacific,Lower middle income,2021,1,random_forest,0.0,42.695749751006026,42.695749751006026,42.695749751006026,permissive
TWN,"Taiwan, China",E. Asia & Pacific,,2023,1,random_forest,99.27227698018832,73.26179385057982,26.010483129608502,-26.010483129608502,permissive
AUS,Australia,E. Asia & Pacific,High income,2020,1,hist_gbr,100.00000000000004,97.77125180151505,2.2287481984849933,-2.2287481984849933,permissive
BRN,Brunei Darussalam,E. Asia & Pacific,High income,2019,1,hist_gbr,100.0,86.13776591122318,13.862234088776816,-13.862234088776816,permissive
CHN,China,E. Asia & Pacific,Upper middle income,2022,1,hist_gbr,99.97,71.55254386610058,28.41745613389942,-28.41745613389942,permissive
FSM,"Micronesia, Fed. Sts.",E. Asia & Pacific,Upper middle income,2023,1,hist_gbr,0.0,51.02789849338626,51.02789849338626,51.02789849338626,permissive
GUM,Guam,E. Asia & Pacific,High income,2022,1,hist_gbr,100.0,76.8732260651936,23.126773934806394,-23.126773934806394,permissive
HKG,"Hong Kong SAR, China",E. Asia & Pacific,High income,2022,1,hist_gbr,100.0,100.0,0.0,0.0,permissive
IDN,Indonesia,E. Asia & Pacific,Upper middle income,2023,1,hist_gbr,50.45109805961616,52.412290182309285,1.9611921226931273,1.9611921226931273,permissive
JPN,Japan,E. Asia & Pacific,High income,2022,1,hist_gbr,99.99008698669174,98.54884763038974,1.4412393563019918,-1.4412393563019918,permissive
KHM,Cambodia,E. Asia & Pacific,Lower middle income,2018,1,hist_gbr,54.0,15.97921723880784,38.02078276119216,-38.02078276119216,permissive
KIR,Kiribati,E. Asia & Pacific,Lower middle income,2021,1,hist_gbr,53.06999999999997,57.047579139816406,3.9775791398164344,3.9775791398164344,permissive
KOR,"Korea, Rep.",E. Asia & Pacific,High income,2022,1,hist_gbr,100.00002805784564,100.0,2.8057845639750667e-05,-2.8057845639750667e-05,permissive
LAO,Lao PDR,E. Asia & Pacific,Lower middle income,2020,1,hist_gbr,0.0,19.093273147217122,19.093273147217122,19.093273147217122,permissive
MAC,"Macao SAR, China",E. Asia & Pacific,High income,2022,1,hist_gbr,100.0,91.10925386757282,8.890746132427182,-8.890746132427182,permissive
MHL,Marshall Islands,E. Asia & Pacific,Upper middle income,2021,1,hist_gbr,82.7,46.47293673515583,36.227063264844176,-36.227063264844176,permissive
MMR,Myanmar,E. Asia & Pacific,Lower middle income,2019,1,hist_gbr,44.0,37.57329103601754,6.426708963982463,-6.426708963982463,permissive
MNG,Mongolia,E. Asia & Pacific,Upper middle income,2019,1,hist_gbr,79.12967263489458,48.38201495363712,30.747657681257458,-30.747657681257458,permissive
MNP,Northern Mariana Islands,E. Asia & Pacific,High income,2022,1,hist_gbr,85.05586311972634,77.2722914154365,7.783571704289841,-7.783571704289841,permissive
MYS,Malaysia,E. Asia & Pacific,Upper middle income,2022,1,hist_gbr,16.938697107420843,84.09167927785214,67.1529821704313,67.1529821704313,permissive
NRU,Nauru,E. Asia & Pacific,High income,2020,1,hist_gbr,0.0,61.272571382052824,61.272571382052824,61.272571382052824,permissive
NZL,New Zealand,E. Asia & Pacific,High income,2023,1,hist_gbr,100.0,97.3726156644762,2.6273843355238,-2.6273843355238,permissive
PLW,Palau,E. Asia & Pacific,High income,2017,1,hist_gbr,90.8,75.86487600080652,14.935123999193479,-14.935123999193479,permissive
PNG,Papua New Guinea,E. Asia & Pacific,Lower middle income,2021,1,hist_gbr,12.33,16.01993106285749,3.6899310628574913,3.6899310628574913,permissive
PYF,French Polynesia,E. Asia & Pacific,High income,2014,1,hist_gbr,39.0,91.29778427991566,52.29778427991566,52.29778427991566,permissive
SLB,Solomon Islands,E. Asia & Pacific,Lower middle income,2019,1,hist_gbr,9.54102833684694,42.01495896281953,32.473930625972585,32.473930625972585,permissive
THA,Thailand,E. Asia & Pacific,Upper middle income,2023,1,hist_gbr,34.545454545454504,76.06616459022703,41.52071004477253,41.52071004477253,permissive
TLS,Timor-Leste,E. Asia & Pacific,Lower middle income,2021,1,hist_gbr,0.0,45.11400072347775,45.11400072347775,45.11400072347775,permissive
TWN,"Taiwan, China",E. Asia & Pacific,,2023,1,hist_gbr,99.27227698018832,81.9027109089884,17.369566071199927,-17.369566071199927,permissive
ALB,Albania,Eur. & Cent. Asia,Upper middle income,2022,2,dummy_mean,91.68947115223251,55.77662798449272,35.912843167739794,-35.912843167739794,permissive
AND,Andorra,Eur. & Cent. Asia,High income,2014,2,dummy_mean,100.0,55.77662798449272,44.22337201550728,-44.22337201550728,permissive
ARM,Armenia,Eur. & Cent. Asia,Upper middle income,2019,2,dummy_mean,0.2,55.77662798449272,55.57662798449272,55.57662798449272,permissive
AUT,Austria,Eur. & Cent. Asia,High income,2021,2,dummy_mean,100.0,55.77662798449272,44.22337201550728,-44.22337201550728,permissive
BEL,Belgium,Eur. & Cent. Asia,High income,2022,2,dummy_mean,99.03136576445593,55.77662798449272,43.25473777996321,-43.25473777996321,permissive
BGR,Bulgaria,Eur. & Cent. Asia,High income,2020,2,dummy_mean,94.03911828624648,55.77662798449272,38.26249030175376,-38.26249030175376,permissive
BIH,Bosnia and Herzegovina,Eur. & Cent. Asia,Upper middle income,2021,2,dummy_mean,78.36711,55.77662798449272,22.590482015507277,-22.590482015507277,permissive
BLR,Belarus,Eur. & Cent. Asia,Upper middle income,2022,2,dummy_mean,99.99,55.77662798449272,44.213372015507275,-44.213372015507275,permissive
CHE,Switzerland,Eur. & Cent. Asia,High income,2022,2,dummy_mean,100.0000000000001,55.77662798449272,44.22337201550738,-44.22337201550738,permissive
CHI,Channel Islands,Eur. & Cent. Asia,High income,2022,2,dummy_mean,100.0,55.77662798449272,44.22337201550728,-44.22337201550728,permissive
CYP,Cyprus,Eur. & Cent. Asia,High income,2022,2,dummy_mean,76.26016260162606,55.77662798449272,20.483534617133344,-20.483534617133344,permissive
CZE,Czechia,Eur. & Cent. Asia,High income,2021,2,dummy_mean,99.9999999999999,55.77662798449272,44.22337201550718,-44.22337201550718,permissive
DEU,Germany,Eur. & Cent. Asia,High income,2022,2,dummy_mean,99.99999999999991,55.77662798449272,44.223372015507195,-44.223372015507195,permissive
ESP,Spain,Eur. & Cent. Asia,High income,2020,2,dummy_mean,100.0,55.77662798449272,44.22337201550728,-44.22337201550728,permissive
EST,Estonia,Eur. & Cent. Asia,High income,2022,2,dummy_mean,100.0,55.77662798449272,44.22337201550728,-44.22337201550728,permissive
FIN,Finland,Eur. & Cent. Asia,High income,2022,2,dummy_mean,100.0,55.77662798449272,44.22337201550728,-44.22337201550728,permissive
FRA,France,Eur. & Cent. Asia,High income,2021,2,dummy_mean,98.2079440528875,55.77662798449272,42.43131606839478,-42.43131606839478,permissive
FRO,Faroe Islands,Eur. & Cent. Asia,High income,2023,2,dummy_mean,100.00000000000004,55.77662798449272,44.22337201550732,-44.22337201550732,permissive
GBR,United Kingdom,Eur. & Cent. Asia,High income,2022,2,dummy_mean,100.0,55.77662798449272,44.22337201550728,-44.22337201550728,permissive
GEO,Georgia,Eur. & Cent. Asia,Upper middle income,2019,2,dummy_mean,87.88,55.77662798449272,32.103372015507276,-32.103372015507276,permissive
GRC,Greece,Eur. & Cent. Asia,High income,2019,2,dummy_mean,100.0,55.77662798449272,44.22337201550728,-44.22337201550728,permissive
GRL,Greenland,Eur. & Cent. Asia,High income,2022,2,dummy_mean,100.0000000000001,55.77662798449272,44.22337201550738,-44.22337201550738,permissive
HRV,Croatia,Eur. & Cent. Asia,High income,2022,2,dummy_mean,89.96746203904553,55.77662798449272,34.19083405455281,-34.19083405455281,permissive
HUN,Hungary,Eur. & Cent. Asia,High income,2022,2,dummy_mean,99.9926,55.77662798449272,44.215972015507276,-44.215972015507276,permissive
IMN,Isle of Man,Eur. & Cent. Asia,High income,2023,2,dummy_mean,100.0,55.77662798449272,44.22337201550728,-44.22337201550728,permissive
IRL,Ireland,Eur. & Cent. Asia,High income,2021,2,dummy_mean,99.2,55.77662798449272,43.42337201550728,-43.42337201550728,permissive
ISL,Iceland,Eur. & Cent. Asia,High income,2022,2,dummy_mean,71.80616740088111,55.77662798449272,16.02953941638839,-16.02953941638839,permissive
KAZ,Kazakhstan,Eur. & Cent. Asia,Upper middle income,2019,2,dummy_mean,79.7441480675013,55.77662798449272,23.96752008300858,-23.96752008300858,permissive
KGZ,Kyrgyz Republic,Eur. & Cent. Asia,Lower middle income,2022,2,dummy_mean,47.0,55.77662798449272,8.77662798449272,8.77662798449272,permissive
LIE,Liechtenstein,Eur. & Cent. Asia,High income,2022,2,dummy_mean,100.00000000000006,55.77662798449272,44.22337201550734,-44.22337201550734,permissive
LTU,Lithuania,Eur. & Cent. Asia,High income,2022,2,dummy_mean,100.0,55.77662798449272,44.22337201550728,-44.22337201550728,permissive
LUX,Luxembourg,Eur. & Cent. Asia,High income,2021,2,dummy_mean,100.0,55.77662798449272,44.22337201550728,-44.22337201550728,permissive
LVA,Latvia,Eur. & Cent. Asia,High income,2021,2,dummy_mean,99.8850574712644,55.77662798449272,44.10842948677168,-44.10842948677168,permissive
MCO,Monaco,Eur. & Cent. Asia,High income,2009,2,dummy_mean,100.0,55.77662798449272,44.22337201550728,-44.22337201550728,permissive
MDA,Moldova,Eur. & Cent. Asia,Upper middle income,2021,2,dummy_mean,41.2,55.77662798449272,14.576627984492717,14.576627984492717,permissive
MNE,Montenegro,Eur. & Cent. Asia,Upper middle income,2022,2,dummy_mean,93.25513344943496,55.77662798449272,37.478505464942245,-37.478505464942245,permissive
NLD,Netherlands,Eur. & Cent. Asia,High income,2022,2,dummy_mean,100.00000000000006,55.77662798449272,44.22337201550734,-44.22337201550734,permissive
NOR,Norway,Eur. & Cent. Asia,High income,2023,2,dummy_mean,100.00000000000004,55.77662798449272,44.22337201550732,-44.22337201550732,permissive
POL,Poland,Eur. & Cent. Asia,High income,2022,2,dummy_mean,99.8,55.77662798449272,44.02337201550728,-44.02337201550728,permissive
PRT,Portugal,Eur. & Cent. Asia,High income,2022,2,dummy_mean,98.0,55.77662798449272,42.22337201550728,-42.22337201550728,permissive
ROU,Romania,Eur. & Cent. Asia,High income,2022,2,dummy_mean,99.610750695088,55.77662798449272,43.83412271059528,-43.83412271059528,permissive
RUS,Russian Federation,Eur. & Cent. Asia,High income,2022,2,dummy_mean,89.29937166702277,55.77662798449272,33.52274368253005,-33.52274368253005,permissive
SMR,San Marino,Eur. & Cent. Asia,High income,2019,2,dummy_mean,100.0,55.77662798449272,44.22337201550728,-44.22337201550728,permissive
SRB,Serbia,Eur. & Cent. Asia,Upper middle income,2022,2,dummy_mean,99.34404722859956,55.77662798449272,43.567419244106844,-43.567419244106844,permissive
SVK,Slovak Republic,Eur. & Cent. Asia,High income,2022,2,dummy_mean,99.99999999999991,55.77662798449272,44.223372015507195,-44.223372015507195,permissive
SVN,Slovenia,Eur. & Cent. Asia,High income,2022,2,dummy_mean,82.37000046092552,55.77662798449272,26.593372476432805,-26.593372476432805,permissive
SWE,Sweden,Eur. & Cent. Asia,High income,2022,2,dummy_mean,100.0,55.77662798449272,44.22337201550728,-44.22337201550728,permissive
TJK,Tajikistan,Eur. & Cent. Asia,Lower middle income,2024,2,dummy_mean,0.0,55.77662798449272,55.77662798449272,55.77662798449272,permissive
TKM,Turkmenistan,Eur. & Cent. Asia,Upper middle income,2017,2,dummy_mean,1.0,55.77662798449272,54.77662798449272,54.77662798449272,permissive
TUR,Turkiye,Eur. & Cent. Asia,Upper middle income,2021,2,dummy_mean,93.4753433654094,55.77662798449272,37.69871538091668,-37.69871538091668,permissive
UKR,Ukraine,Eur. & Cent. Asia,Upper middle income,2023,2,dummy_mean,90.84048052766538,55.77662798449272,35.06385254317266,-35.06385254317266,permissive
XKX,Kosovo,Eur. & Cent. Asia,Upper middle income,2022,2,dummy_mean,100.00000000000004,55.77662798449272,44.22337201550732,-44.22337201550732,permissive
ALB,Albania,Eur. & Cent. Asia,Upper middle income,2022,2,linear,91.68947115223251,59.48228002997131,32.20719112226121,-32.20719112226121,permissive
AND,Andorra,Eur. & Cent. Asia,High income,2014,2,linear,100.0,85.04716552937359,14.952834470626414,-14.952834470626414,permissive
ARM,Armenia,Eur. & Cent. Asia,Upper middle income,2019,2,linear,0.2,57.691741966297954,57.49174196629795,57.49174196629795,permissive
AUT,Austria,Eur. & Cent. Asia,High income,2021,2,linear,100.0,84.29710807351694,15.702891926483062,-15.702891926483062,permissive
BEL,Belgium,Eur. & Cent. Asia,High income,2022,2,linear,99.03136576445593,88.88677899820868,10.144586766247244,-10.144586766247244,permissive
BGR,Bulgaria,Eur. & Cent. Asia,High income,2020,2,linear,94.03911828624648,69.69371475669138,24.3454035295551,-24.3454035295551,permissive
BIH,Bosnia and Herzegovina,Eur. & Cent. Asia,Upper middle income,2021,2,linear,78.36711,56.85837722029081,21.508732779709185,-21.508732779709185,permissive
BLR,Belarus,Eur. & Cent. Asia,Upper middle income,2022,2,linear,99.99,69.22569124380684,30.76430875619316,-30.76430875619316,permissive
CHE,Switzerland,Eur. & Cent. Asia,High income,2022,2,linear,100.0000000000001,93.67599064425355,6.324009355746554,-6.324009355746554,permissive
CHI,Channel Islands,Eur. & Cent. Asia,High income,2022,2,linear,100.0,48.95561376939406,51.04438623060594,-51.04438623060594,permissive
CYP,Cyprus,Eur. & Cent. Asia,High income,2022,2,linear,76.26016260162606,79.23749599438216,2.977333392756094,2.977333392756094,permissive
CZE,Czechia,Eur. & Cent. Asia,High income,2021,2,linear,99.9999999999999,80.14701069941489,19.85298930058501,-19.85298930058501,permissive
DEU,Germany,Eur. & Cent. Asia,High income,2022,2,linear,99.99999999999991,88.70835972329354,11.291640276706374,-11.291640276706374,permissive
ESP,Spain,Eur. & Cent. Asia,High income,2020,2,linear,100.0,79.24826759134409,20.75173240865591,-20.75173240865591,permissive
EST,Estonia,Eur. & Cent. Asia,High income,2022,2,linear,100.0,75.57283525149855,24.427164748501454,-24.427164748501454,permissive
FIN,Finland,Eur. & Cent. Asia,High income,2022,2,linear,100.0,81.62478056740572,18.375219432594278,-18.375219432594278,permissive
FRA,France,Eur. & Cent. Asia,High income,2021,2,linear,98.2079440528875,83.8621876462057,14.3457564066818,-14.3457564066818,permissive
FRO,Faroe Islands,Eur. & Cent. Asia,High income,2023,2,linear,100.00000000000004,77.93869540288415,22.061304597115893,-22.061304597115893,permissive
GBR,United Kingdom,Eur. & Cent. Asia,High income,2022,2,linear,100.0,85.87264287201616,14.127357127983842,-14.127357127983842,permissive
GEO,Georgia,Eur. & Cent. Asia,Upper middle income,2019,2,linear,87.88,58.35599872402017,29.524001275979828,-29.524001275979828,permissive
GRC,Greece,Eur. & Cent. Asia,High income,2019,2,linear,100.0,74.11722953051415,25.88277046948585,-25.88277046948585,permissive
GRL,Greenland,Eur. & Cent. Asia,High income,2022,2,linear,100.0000000000001,83.55321080260737,16.446789197392732,-16.446789197392732,permissive
HRV,Croatia,Eur. & Cent. Asia,High income,2022,2,linear,89.96746203904553,72.77462141589204,17.192840623153486,-17.192840623153486,permissive
HUN,Hungary,Eur. & Cent. Asia,High income,2022,2,linear,99.9926,76.37044868498288,23.62215131501712,-23.62215131501712,permissive
IMN,Isle of Man,Eur. & Cent. Asia,High income,2023,2,linear,100.0,52.63292373460186,47.36707626539814,-47.36707626539814,permissive
IRL,Ireland,Eur. & Cent. Asia,High income,2021,2,linear,99.2,94.27414247772089,4.9258575222791166,-4.9258575222791166,permissive
ISL,Iceland,Eur. & Cent. Asia,High income,2022,2,linear,71.80616740088111,85.7968103406215,13.990642939740397,13.990642939740397,permissive
KAZ,Kazakhstan,Eur. & Cent. Asia,Upper middle income,2019,2,linear,79.7441480675013,68.69337314654112,11.05077492096018,-11.05077492096018,permissive
KGZ,Kyrgyz Republic,Eur. & Cent. Asia,Lower middle income,2022,2,linear,47.0,33.44131762553705,13.558682374462947,-13.558682374462947,permissive
LIE,Liechtenstein,Eur. & Cent. Asia,High income,2022,2,linear,100.00000000000006,45.75588449922192,54.244115500778136,-54.244115500778136,permissive
LTU,Lithuania,Eur. & Cent. Asia,High income,2022,2,linear,100.0,77.29248935951219,22.70751064048781,-22.70751064048781,permissive
LUX,Luxembourg,Eur. & Cent. Asia,High income,2021,2,linear,100.0,100.0,0.0,0.0,permissive
LVA,Latvia,Eur. & Cent. Asia,High income,2021,2,linear,99.8850574712644,72.36551890044264,27.519538570821766,-27.519538570821766,permissive
MCO,Monaco,Eur. & Cent. Asia,High income,2009,2,linear,100.0,65.13496705641657,34.86503294358343,-34.86503294358343,permissive
MDA,Moldova,Eur. & Cent. Asia,Upper middle income,2021,2,linear,41.2,52.576494599783935,11.376494599783932,11.376494599783932,permissive
MNE,Montenegro,Eur. & Cent. Asia,Upper middle income,2022,2,linear,93.25513344943496,64.832545332933,28.42258811650197,-28.42258811650197,permissive
NLD,Netherlands,Eur. & Cent. Asia,High income,2022,2,linear,100.00000000000006,93.19053434570222,6.8094656542978385,-6.8094656542978385,permissive
NOR,Norway,Eur. & Cent. Asia,High income,2023,2,linear,100.00000000000004,92.59916361318147,7.400836386818568,-7.400836386818568,permissive
POL,Poland,Eur. & Cent. Asia,High income,2022,2,linear,99.8,76.46022150360974,23.339778496390252,-23.339778496390252,permissive
PRT,Portugal,Eur. & Cent. Asia,High income,2022,2,linear,98.0,75.01258267588186,22.98741732411814,-22.98741732411814,permissive
ROU,Romania,Eur. & Cent. Asia,High income,2022,2,linear,99.610750695088,72.51976144394604,27.090989251141963,-27.090989251141963,permissive
RUS,Russian Federation,Eur. & Cent. Asia,High income,2022,2,linear,89.29937166702277,75.33058490730699,13.968786759715783,-13.968786759715783,permissive
SMR,San Marino,Eur. & Cent. Asia,High income,2019,2,linear,100.0,87.48168809098881,12.518311909011189,-12.518311909011189,permissive
SRB,Serbia,Eur. & Cent. Asia,Upper middle income,2022,2,linear,99.34404722859956,65.09403707965518,34.250010148944384,-34.250010148944384,permissive
SVK,Slovak Republic,Eur. & Cent. Asia,High income,2022,2,linear,99.99999999999991,72.08255787134986,27.917442128650052,-27.917442128650052,permissive
SVN,Slovenia,Eur. & Cent. Asia,High income,2022,2,linear,82.37000046092552,75.63790018525495,6.732100275670575,-6.732100275670575,permissive
SWE,Sweden,Eur. & Cent. Asia,High income,2022,2,linear,100.0,86.65840936613763,13.341590633862367,-13.341590633862367,permissive
TJK,Tajikistan,Eur. & Cent. Asia,Lower middle income,2024,2,linear,0.0,28.090084796470386,28.090084796470386,28.090084796470386,permissive
TKM,Turkmenistan,Eur. & Cent. Asia,Upper middle income,2017,2,linear,1.0,50.233200150366656,49.233200150366656,49.233200150366656,permissive
TUR,Turkiye,Eur. & Cent. Asia,Upper middle income,2021,2,linear,93.4753433654094,76.59148885262466,16.883854512784737,-16.883854512784737,permissive
UKR,Ukraine,Eur. & Cent. Asia,Upper middle income,2023,2,linear,90.84048052766538,58.99748874489842,31.84299178276696,-31.84299178276696,permissive
XKX,Kosovo,Eur. & Cent. Asia,Upper middle income,2022,2,linear,100.00000000000004,50.0486819618181,49.951318038181945,-49.951318038181945,permissive
ALB,Albania,Eur. & Cent. Asia,Upper middle income,2022,2,ridge,91.68947115223251,59.4705483499676,32.21892280226491,-32.21892280226491,permissive
AND,Andorra,Eur. & Cent. Asia,High income,2014,2,ridge,100.0,85.02695814790192,14.973041852098078,-14.973041852098078,permissive
ARM,Armenia,Eur. & Cent. Asia,Upper middle income,2019,2,ridge,0.2,57.68976678443555,57.489766784435545,57.489766784435545,permissive
AUT,Austria,Eur. & Cent. Asia,High income,2021,2,ridge,100.0,84.25581435380344,15.744185646196556,-15.744185646196556,permissive
BEL,Belgium,Eur. & Cent. Asia,High income,2022,2,ridge,99.03136576445593,88.85758907231917,10.173776692136755,-10.173776692136755,permissive
BGR,Bulgaria,Eur. & Cent. Asia,High income,2020,2,ridge,94.03911828624648,69.67940582813101,24.359712458115467,-24.359712458115467,permissive
BIH,Bosnia and Herzegovina,Eur. & Cent. Asia,Upper middle income,2021,2,ridge,78.36711,56.84314664326893,21.523963356731066,-21.523963356731066,permissive
BLR,Belarus,Eur. & Cent. Asia,Upper middle income,2022,2,ridge,99.99,69.2164691574905,30.7735308425095,-30.7735308425095,permissive
CHE,Switzerland,Eur. & Cent. Asia,High income,2022,2,ridge,100.0000000000001,93.6361768547853,6.363823145214795,-6.363823145214795,permissive
CHI,Channel Islands,Eur. & Cent. Asia,High income,2022,2,ridge,100.0,48.93832021016155,51.06167978983845,-51.06167978983845,permissive
CYP,Cyprus,Eur. & Cent. Asia,High income,2022,2,ridge,76.26016260162606,79.20376365803077,2.9436010564047024,2.9436010564047024,permissive
CZE,Czechia,Eur. & Cent. Asia,High income,2021,2,ridge,99.9999999999999,80.11625458353095,19.883745416468955,-19.883745416468955,permissive
DEU,Germany,Eur. & Cent. Asia,High income,2022,2,ridge,99.99999999999991,88.672185670896,11.327814329103916,-11.327814329103916,permissive
ESP,Spain,Eur. & Cent. Asia,High income,2020,2,ridge,100.0,79.22425593011204,20.775744069887963,-20.775744069887963,permissive
EST,Estonia,Eur. & Cent. Asia,High income,2022,2,ridge,100.0,75.54657550518999,24.453424494810008,-24.453424494810008,permissive
FIN,Finland,Eur. & Cent. Asia,High income,2022,2,ridge,100.0,81.59040689431245,18.40959310568755,-18.40959310568755,permissive
FRA,France,Eur. & Cent. Asia,High income,2021,2,ridge,98.2079440528875,83.83008096626374,14.377863086623762,-14.377863086623762,permissive
FRO,Faroe Islands,Eur. & Cent. Asia,High income,2023,2,ridge,100.00000000000004,77.88100578922567,22.118994210774375,-22.118994210774375,permissive
GBR,United Kingdom,Eur. & Cent. Asia,High income,2022,2,ridge,100.0,85.84254841671427,14.157451583285734,-14.157451583285734,permissive
GEO,Georgia,Eur. & Cent. Asia,Upper middle income,2019,2,ridge,87.88,58.346118497005,29.533881502994994,-29.533881502994994,permissive
GRC,Greece,Eur. & Cent. Asia,High income,2019,2,ridge,100.0,74.10066102274786,25.899338977252143,-25.899338977252143,permissive
GRL,Greenland,Eur. & Cent. Asia,High income,2022,2,ridge,100.0000000000001,83.52823723165956,16.47176276834054,-16.47176276834054,permissive
HRV,Croatia,Eur. & Cent. Asia,High income,2022,2,ridge,89.96746203904553,72.7403056496279,17.22715638941763,-17.22715638941763,permissive
HUN,Hungary,Eur. & Cent. Asia,High income,2022,2,ridge,99.9926,76.34300066721471,23.649599332785286,-23.649599332785286,permissive
IMN,Isle of Man,Eur. & Cent. Asia,High income,2023,2,ridge,100.0,52.62935377870105,47.37064622129895,-47.37064622129895,permissive
IRL,Ireland,Eur. & Cent. Asia,High income,2021,2,ridge,99.2,94.21194855083003,4.988051449169973,-4.988051449169973,permissive
ISL,Iceland,Eur. & Cent. Asia,High income,2022,2,ridge,71.80616740088111,85.77512933020026,13.96896192931915,13.96896192931915,permissive
KAZ,Kazakhstan,Eur. & Cent. Asia,Upper middle income,2019,2,ridge,79.7441480675013,68.66369239011718,11.080455677384123,-11.080455677384123,permissive
KGZ,Kyrgyz Republic,Eur. & Cent. Asia,Lower middle income,2022,2,ridge,47.0,33.44704688437514,13.55295311562486,-13.55295311562486,permissive
LIE,Liechtenstein,Eur. & Cent. Asia,High income,2022,2,ridge,100.00000000000006,45.72856257555151,54.27143742444855,-54.27143742444855,permissive
LTU,Lithuania,Eur. & Cent. Asia,High income,2022,2,ridge,100.0,77.26141092767737,22.738589072322625,-22.738589072322625,permissive
LUX,Luxembourg,Eur. & Cent. Asia,High income,2021,2,ridge,100.0,100.0,0.0,0.0,permissive
LVA,Latvia,Eur. & Cent. Asia,High income,2021,2,ridge,99.8850574712644,72.34189791659175,27.543159554672656,-27.543159554672656,permissive
MCO,Monaco,Eur. & Cent. Asia,High income,2009,2,ridge,100.0,65.1640410716193,34.835958928380705,-34.835958928380705,permissive
MDA,Moldova,Eur. & Cent. Asia,Upper middle income,2021,2,ridge,41.2,52.560382415658395,11.360382415658393,11.360382415658393,permissive
MNE,Montenegro,Eur. & Cent. Asia,Upper middle income,2022,2,ridge,93.25513344943496,64.81946914429251,28.435664305142453,-28.435664305142453,permissive
NLD,Netherlands,Eur. & Cent. Asia,High income,2022,2,ridge,100.00000000000006,93.1618358938444,6.838164106155659,-6.838164106155659,permissive
NOR,Norway,Eur. & Cent. Asia,High income,2023,2,ridge,100.00000000000004,92.5560648858557,7.443935114144338,-7.443935114144338,permissive
POL,Poland,Eur. & Cent. Asia,High income,2022,2,ridge,99.8,76.42212789799497,23.37787210200503,-23.37787210200503,permissive
PRT,Portugal,Eur. & Cent. Asia,High income,2022,2,ridge,98.0,74.97871676867828,23.021283231321718,-23.021283231321718,permissive
ROU,Romania,Eur. & Cent. Asia,High income,2022,2,ridge,99.610750695088,72.48050933038357,27.130241364704432,-27.130241364704432,permissive
RUS,Russian Federation,Eur. & Cent. Asia,High income,2022,2,ridge,89.29937166702277,75.3044576076637,13.994914059359076,-13.994914059359076,permissive
SMR,San Marino,Eur. & Cent. Asia,High income,2019,2,ridge,100.0,87.467977882335,12.532022117664994,-12.532022117664994,permissive
SRB,Serbia,Eur. & Cent. Asia,Upper middle income,2022,2,ridge,99.34404722859956,65.07647560313495,34.26757162546461,-34.26757162546461,permissive
SVK,Slovak Republic,Eur. & Cent. Asia,High income,2022,2,ridge,99.99999999999991,72.04615083572678,27.953849164273137,-27.953849164273137,permissive
SVN,Slovenia,Eur. & Cent. Asia,High income,2022,2,ridge,82.37000046092552,75.59836335313719,6.771637107788337,-6.771637107788337,permissive
SWE,Sweden,Eur. & Cent. Asia,High income,2022,2,ridge,100.0,86.63014021646549,13.369859783534508,-13.369859783534508,permissive
TJK,Tajikistan,Eur. & Cent. Asia,Lower middle income,2024,2,ridge,0.0,28.09714830432437,28.09714830432437,28.09714830432437,permissive
TKM,Turkmenistan,Eur. & Cent. Asia,Upper middle income,2017,2,ridge,1.0,50.222820704545306,49.222820704545306,49.222820704545306,permissive
TUR,Turkiye,Eur. & Cent. Asia,Upper middle income,2021,2,ridge,93.4753433654094,76.58060403701151,16.89473932839789,-16.89473932839789,permissive
UKR,Ukraine,Eur. & Cent. Asia,Upper middle income,2023,2,ridge,90.84048052766538,58.99555489930795,31.84492562835743,-31.84492562835743,permissive
XKX,Kosovo,Eur. & Cent. Asia,Upper middle income,2022,2,ridge,100.00000000000004,50.042569239083136,49.95743076091691,-49.95743076091691,permissive
ALB,Albania,Eur. & Cent. Asia,Upper middle income,2022,2,random_forest,91.68947115223251,49.60846778763945,42.081003364593066,-42.081003364593066,permissive
AND,Andorra,Eur. & Cent. Asia,High income,2014,2,random_forest,100.0,97.82913173798373,2.1708682620162705,-2.1708682620162705,permissive
ARM,Armenia,Eur. & Cent. Asia,Upper middle income,2019,2,random_forest,0.2,51.603364297995455,51.40336429799545,51.40336429799545,permissive
AUT,Austria,Eur. & Cent. Asia,High income,2021,2,random_forest,100.0,89.25690253338742,10.743097466612582,-10.743097466612582,permissive
BEL,Belgium,Eur. & Cent. Asia,High income,2022,2,random_forest,99.03136576445593,98.80469062510208,0.2266751393538442,-0.2266751393538442,permissive
BGR,Bulgaria,Eur. & Cent. Asia,High income,2020,2,random_forest,94.03911828624648,57.266037956349415,36.77308032989706,-36.77308032989706,permissive
BIH,Bosnia and Herzegovina,Eur. & Cent. Asia,Upper middle income,2021,2,random_forest,78.36711,47.18385557885259,31.18325442114741,-31.18325442114741,permissive
BLR,Belarus,Eur. & Cent. Asia,Upper middle income,2022,2,random_forest,99.99,64.65472643100166,35.33527356899833,-35.33527356899833,permissive
CHE,Switzerland,Eur. & Cent. Asia,High income,2022,2,random_forest,100.0000000000001,99.04068041640384,0.9593195835962547,-0.9593195835962547,permissive
CHI,Channel Islands,Eur. & Cent. Asia,High income,2022,2,random_forest,100.0,60.49755351449851,39.50244648550149,-39.50244648550149,permissive
CYP,Cyprus,Eur. & Cent. Asia,High income,2022,2,random_forest,76.26016260162606,89.5325980559921,13.272435454366033,13.272435454366033,permissive
CZE,Czechia,Eur. & Cent. Asia,High income,2021,2,random_forest,99.9999999999999,86.17235269315782,13.827647306842081,-13.827647306842081,permissive
DEU,Germany,Eur. & Cent. Asia,High income,2022,2,random_forest,99.99999999999991,98.51902032558311,1.4809796744168011,-1.4809796744168011,permissive
ESP,Spain,Eur. & Cent. Asia,High income,2020,2,random_forest,100.0,72.89283217421172,27.10716782578828,-27.10716782578828,permissive
EST,Estonia,Eur. & Cent. Asia,High income,2022,2,random_forest,100.0,65.94903332257756,34.05096667742244,-34.05096667742244,permissive
FIN,Finland,Eur. & Cent. Asia,High income,2022,2,random_forest,100.0,89.5612905851755,10.438709414824501,-10.438709414824501,permissive
FRA,France,Eur. & Cent. Asia,High income,2021,2,random_forest,98.2079440528875,97.87890371798522,0.3290403349022739,-0.3290403349022739,permissive
FRO,Faroe Islands,Eur. & Cent. Asia,High income,2023,2,random_forest,100.00000000000004,85.48388088611793,14.516119113882112,-14.516119113882112,permissive
GBR,United Kingdom,Eur. & Cent. Asia,High income,2022,2,random_forest,100.0,98.90383906744053,1.0961609325594708,-1.0961609325594708,permissive
GEO,Georgia,Eur. & Cent. Asia,Upper middle income,2019,2,random_forest,87.88,49.17568720088709,38.704312799112905,-38.704312799112905,permissive
GRC,Greece,Eur. & Cent. Asia,High income,2019,2,random_forest,100.0,61.37045490382898,38.62954509617102,-38.62954509617102,permissive
GRL,Greenland,Eur. & Cent. Asia,High income,2022,2,random_forest,100.0000000000001,97.3316528927082,2.6683471072918934,-2.6683471072918934,permissive
HRV,Croatia,Eur. & Cent. Asia,High income,2022,2,random_forest,89.96746203904553,54.054106861395326,35.9133551776502,-35.9133551776502,permissive
HUN,Hungary,Eur. & Cent. Asia,High income,2022,2,random_forest,99.9926,60.815845929294255,39.17675407070574,-39.17675407070574,permissive
IMN,Isle of Man,Eur. & Cent. Asia,High income,2023,2,random_forest,100.0,64.0992661536594,35.9007338463406,-35.9007338463406,permissive
IRL,Ireland,Eur. & Cent. Asia,High income,2021,2,random_forest,99.2,82.13146699792172,17.068533002078283,-17.068533002078283,permissive
ISL,Iceland,Eur. & Cent. Asia,High income,2022,2,random_forest,71.80616740088111,96.93602819734572,25.129860796464612,25.129860796464612,permissive
KAZ,Kazakhstan,Eur. & Cent. Asia,Upper middle income,2019,2,random_forest,79.7441480675013,49.40752861203709,30.33661945546421,-30.33661945546421,permissive
KGZ,Kyrgyz Republic,Eur. & Cent. Asia,Lower middle income,2022,2,random_forest,47.0,21.72966375358046,25.27033624641954,-25.27033624641954,permissive
LIE,Liechtenstein,Eur. & Cent. Asia,High income,2022,2,random_forest,100.00000000000006,65.10521129521409,34.89478870478597,-34.89478870478597,permissive
LTU,Lithuania,Eur. & Cent. Asia,High income,2022,2,random_forest,100.0,81.11175914445833,18.888240855541667,-18.888240855541667,permissive
LUX,Luxembourg,Eur. & Cent. Asia,High income,2021,2,random_forest,100.0,98.0486374201726,1.9513625798274035,-1.9513625798274035,permissive
LVA,Latvia,Eur. & Cent. Asia,High income,2021,2,random_forest,99.8850574712644,61.87565980194964,38.009397669314765,-38.009397669314765,permissive
MCO,Monaco,Eur. & Cent. Asia,High income,2009,2,random_forest,100.0,69.71615757976895,30.283842420231053,-30.283842420231053,permissive
MDA,Moldova,Eur. & Cent. Asia,Upper middle income,2021,2,random_forest,41.2,48.270803221206464,7.070803221206461,7.070803221206461,permissive
MNE,Montenegro,Eur. & Cent. Asia,Upper middle income,2022,2,random_forest,93.25513344943496,52.68811261137683,40.567020838058134,-40.567020838058134,permissive
NLD,Netherlands,Eur. & Cent. Asia,High income,2022,2,random_forest,100.00000000000006,98.39192315118333,1.6080768488167223,-1.6080768488167223,permissive
NOR,Norway,Eur. & Cent. Asia,High income,2023,2,random_forest,100.00000000000004,98.40866728434679,1.5913327156532517,-1.5913327156532517,permissive
POL,Poland,Eur. & Cent. Asia,High income,2022,2,random_forest,99.8,62.070671594017334,37.72932840598266,-37.72932840598266,permissive
PRT,Portugal,Eur. & Cent. Asia,High income,2022,2,random_forest,98.0,55.10577416055263,42.89422583944737,-42.89422583944737,permissive
ROU,Romania,Eur. & Cent. Asia,High income,2022,2,random_forest,99.610750695088,53.74315134889641,45.86759934619159,-45.86759934619159,permissive
RUS,Russian Federation,Eur. & Cent. Asia,High income,2022,2,random_forest,89.29937166702277,62.748213910102656,26.551157756920112,-26.551157756920112,permissive
SMR,San Marino,Eur. & Cent. Asia,High income,2019,2,random_forest,100.0,97.2219043901825,2.7780956098174983,-2.7780956098174983,permissive
SRB,Serbia,Eur. & Cent. Asia,Upper middle income,2022,2,random_forest,99.34404722859956,51.78856344161983,47.555483786979735,-47.555483786979735,permissive
SVK,Slovak Republic,Eur. & Cent. Asia,High income,2022,2,random_forest,99.99999999999991,55.13414105165146,44.86585894834845,-44.86585894834845,permissive
SVN,Slovenia,Eur. & Cent. Asia,High income,2022,2,random_forest,82.37000046092552,74.7814091061149,7.588591354810617,-7.588591354810617,permissive
SWE,Sweden,Eur. & Cent. Asia,High income,2022,2,random_forest,100.0,98.564267301702,1.435732698297997,-1.435732698297997,permissive
TJK,Tajikistan,Eur. & Cent. Asia,Lower middle income,2024,2,random_forest,0.0,24.563240590510194,24.563240590510194,24.563240590510194,permissive
TKM,Turkmenistan,Eur. & Cent. Asia,Upper middle income,2017,2,random_forest,1.0,39.68216618062814,38.68216618062814,38.68216618062814,permissive
TUR,Turkiye,Eur. & Cent. Asia,Upper middle income,2021,2,random_forest,93.4753433654094,63.245907045475526,30.229436319933875,-30.229436319933875,permissive
UKR,Ukraine,Eur. & Cent. Asia,Upper middle income,2023,2,random_forest,90.84048052766538,55.894197634650354,34.946282893015024,-34.946282893015024,permissive
XKX,Kosovo,Eur. & Cent. Asia,Upper middle income,2022,2,random_forest,100.00000000000004,39.810421767210755,60.18957823278929,-60.18957823278929,permissive
ALB,Albania,Eur. & Cent. Asia,Upper middle income,2022,2,hist_gbr,91.68947115223251,46.5706064144868,45.11886473774572,-45.11886473774572,permissive
AND,Andorra,Eur. & Cent. Asia,High income,2014,2,hist_gbr,100.0,94.05846736375273,5.941532636247274,-5.941532636247274,permissive
ARM,Armenia,Eur. & Cent. Asia,Upper middle income,2019,2,hist_gbr,0.2,46.173015925040495,45.97301592504049,45.97301592504049,permissive
AUT,Austria,Eur. & Cent. Asia,High income,2021,2,hist_gbr,100.0,69.8528835727534,30.1471164272466,-30.1471164272466,permissive
BEL,Belgium,Eur. & Cent. Asia,High income,2022,2,hist_gbr,99.03136576445593,84.90251193627056,14.12885382818537,-14.12885382818537,permissive
BGR,Bulgaria,Eur. & Cent. Asia,High income,2020,2,hist_gbr,94.03911828624648,56.12913198467941,37.909986301567066,-37.909986301567066,permissive
BIH,Bosnia and Herzegovina,Eur. & Cent. Asia,Upper middle income,2021,2,hist_gbr,78.36711,42.61217832556338,35.75493167443662,-35.75493167443662,permissive
BLR,Belarus,Eur. & Cent. Asia,Upper middle income,2022,2,hist_gbr,99.99,64.01872262359743,35.97127737640257,-35.97127737640257,permissive
CHE,Switzerland,Eur. & Cent. Asia,High income,2022,2,hist_gbr,100.0000000000001,94.3879711454205,5.612028854579606,-5.612028854579606,permissive
CHI,Channel Islands,Eur. & Cent. Asia,High income,2022,2,hist_gbr,100.0,50.96391860127584,49.03608139872416,-49.03608139872416,permissive
CYP,Cyprus,Eur. & Cent. Asia,High income,2022,2,hist_gbr,76.26016260162606,82.48329274418062,6.223130142554552,6.223130142554552,permissive
CZE,Czechia,Eur. & Cent. Asia,High income,2021,2,hist_gbr,99.9999999999999,70.01341363686912,29.986586363130783,-29.986586363130783,permissive
DEU,Germany,Eur. & Cent. Asia,High income,2022,2,hist_gbr,99.99999999999991,100.0,8.526512829121202e-14,8.526512829121202e-14,permissive
ESP,Spain,Eur. & Cent. Asia,High income,2020,2,hist_gbr,100.0,96.27907881102232,3.720921188977684,-3.720921188977684,permissive
EST,Estonia,Eur. & Cent. Asia,High income,2022,2,hist_gbr,100.0,74.76015954473577,25.23984045526423,-25.23984045526423,permissive
FIN,Finland,Eur. & Cent. Asia,High income,2022,2,hist_gbr,100.0,79.31451851743763,20.685481482562366,-20.685481482562366,permissive
FRA,France,Eur. & Cent. Asia,High income,2021,2,hist_gbr,98.2079440528875,90.98351019269093,7.224433860196569,-7.224433860196569,permissive
FRO,Faroe Islands,Eur. & Cent. Asia,High income,2023,2,hist_gbr,100.00000000000004,56.04713235885514,43.952867641144906,-43.952867641144906,permissive
GBR,United Kingdom,Eur. & Cent. Asia,High income,2022,2,hist_gbr,100.0,100.0,0.0,0.0,permissive
GEO,Georgia,Eur. & Cent. Asia,Upper middle income,2019,2,hist_gbr,87.88,43.14865643964041,44.73134356035958,-44.73134356035958,permissive
GRC,Greece,Eur. & Cent. Asia,High income,2019,2,hist_gbr,100.0,68.37979487590115,31.620205124098845,-31.620205124098845,permissive
GRL,Greenland,Eur. & Cent. Asia,High income,2022,2,hist_gbr,100.0000000000001,87.04282416219019,12.957175837809913,-12.957175837809913,permissive
HRV,Croatia,Eur. & Cent. Asia,High income,2022,2,hist_gbr,89.96746203904553,55.61411682888652,34.353345210159006,-34.353345210159006,permissive
HUN,Hungary,Eur. & Cent. Asia,High income,2022,2,hist_gbr,99.9926,69.8528835727534,30.139716427246597,-30.139716427246597,permissive
IMN,Isle of Man,Eur. & Cent. Asia,High income,2023,2,hist_gbr,100.0,63.43238303486633,36.56761696513367,-36.56761696513367,permissive
IRL,Ireland,Eur. & Cent. Asia,High income,2021,2,hist_gbr,99.2,53.49050352666434,45.70949647333566,-45.70949647333566,permissive
ISL,Iceland,Eur. & Cent. Asia,High income,2022,2,hist_gbr,71.80616740088111,87.04282416219019,15.236656761309078,15.236656761309078,permissive
KAZ,Kazakhstan,Eur. & Cent. Asia,Upper middle income,2019,2,hist_gbr,79.7441480675013,37.63849239351808,42.10565567398322,-42.10565567398322,permissive
KGZ,Kyrgyz Republic,Eur. & Cent. Asia,Lower middle income,2022,2,hist_gbr,47.0,15.28322106993713,31.716778930062873,-31.716778930062873,permissive
LIE,Liechtenstein,Eur. & Cent. Asia,High income,2022,2,hist_gbr,100.00000000000006,72.26506060030142,27.734939399698632,-27.734939399698632,permissive
LTU,Lithuania,Eur. & Cent. Asia,High income,2022,2,hist_gbr,100.0,71.29428187156056,28.705718128439443,-28.705718128439443,permissive
LUX,Luxembourg,Eur. & Cent. Asia,High income,2021,2,hist_gbr,100.0,94.45647544793644,5.543524552063559,-5.543524552063559,permissive
LVA,Latvia,Eur. & Cent. Asia,High income,2021,2,hist_gbr,99.8850574712644,74.76015954473577,25.124897926528632,-25.124897926528632,permissive
MCO,Monaco,Eur. & Cent. Asia,High income,2009,2,hist_gbr,100.0,79.74140173227876,20.25859826772124,-20.25859826772124,permissive
MDA,Moldova,Eur. & Cent. Asia,Upper middle income,2021,2,hist_gbr,41.2,49.33354413569343,8.133544135693427,8.133544135693427,permissive
MNE,Montenegro,Eur. & Cent. Asia,Upper middle income,2022,2,hist_gbr,93.25513344943496,38.14634491515268,55.10878853428228,-55.10878853428228,permissive
NLD,Netherlands,Eur. & Cent. Asia,High income,2022,2,hist_gbr,100.00000000000006,84.90251193627056,15.0974880637295,-15.0974880637295,permissive
NOR,Norway,Eur. & Cent. Asia,High income,2023,2,hist_gbr,100.00000000000004,91.54580340441922,8.454196595580825,-8.454196595580825,permissive
POL,Poland,Eur. & Cent. Asia,High income,2022,2,hist_gbr,99.8,68.60056899615817,31.199431003841823,-31.199431003841823,permissive
PRT,Portugal,Eur. & Cent. Asia,High income,2022,2,hist_gbr,98.0,50.94422234370142,47.05577765629858,-47.05577765629858,permissive
ROU,Romania,Eur. & Cent. Asia,High income,2022,2,hist_gbr,99.610750695088,52.92662361505682,46.68412708003118,-46.68412708003118,permissive
RUS,Russian Federation,Eur. & Cent. Asia,High income,2022,2,hist_gbr,89.29937166702277,87.30438310776798,1.994988559254793,-1.994988559254793,permissive
SMR,San Marino,Eur. & Cent. Asia,High income,2019,2,hist_gbr,100.0,85.270814692255,14.729185307744999,-14.729185307744999,permissive
SRB,Serbia,Eur. & Cent. Asia,Upper middle income,2022,2,hist_gbr,99.34404722859956,40.128230660221455,59.21581656837811,-59.21581656837811,permissive
SVK,Slovak Republic,Eur. & Cent. Asia,High income,2022,2,hist_gbr,99.99999999999991,49.482338648878624,50.51766135112129,-50.51766135112129,permissive
SVN,Slovenia,Eur. & Cent. Asia,High income,2022,2,hist_gbr,82.37000046092552,55.05250705813794,27.317493402787584,-27.317493402787584,permissive
SWE,Sweden,Eur. & Cent. Asia,High income,2022,2,hist_gbr,100.0,91.59361484418608,8.406385155813922,-8.406385155813922,permissive
TJK,Tajikistan,Eur. & Cent. Asia,Lower middle income,2024,2,hist_gbr,0.0,15.779147306374977,15.779147306374977,15.779147306374977,permissive
TKM,Turkmenistan,Eur. & Cent. Asia,Upper middle income,2017,2,hist_gbr,1.0,39.29933922410624,38.29933922410624,38.29933922410624,permissive
TUR,Turkiye,Eur. & Cent. Asia,Upper middle income,2021,2,hist_gbr,93.4753433654094,71.38444642860381,22.090896936805592,-22.090896936805592,permissive
UKR,Ukraine,Eur. & Cent. Asia,Upper middle income,2023,2,hist_gbr,90.84048052766538,59.09742308745179,31.74305744021359,-31.74305744021359,permissive
XKX,Kosovo,Eur. & Cent. Asia,Upper middle income,2022,2,hist_gbr,100.00000000000004,40.79473300850899,59.20526699149105,-59.20526699149105,permissive
ABW,Aruba,L. Amer. & the Caribbean,High income,2019,3,dummy_mean,100.0,69.94118841517587,30.058811584824127,-30.058811584824127,permissive
ARG,Argentina,L. Amer. & the Caribbean,Upper middle income,2020,3,dummy_mean,89.30000000000001,69.94118841517587,19.35881158482414,-19.35881158482414,permissive
ATG,Antigua and Barbuda,L. Amer. & the Caribbean,High income,2012,3,dummy_mean,49.5,69.94118841517587,20.441188415175873,20.441188415175873,permissive
BHS,"Bahamas, The",L. Amer. & the Caribbean,High income,2021,3,dummy_mean,0.0,69.94118841517587,69.94118841517587,69.94118841517587,permissive
BRA,Brazil,L. Amer. & the Caribbean,Upper middle income,2022,3,dummy_mean,79.89962520913767,69.94118841517587,9.958436793961795,-9.958436793961795,permissive
BRB,Barbados,L. Amer. & the Caribbean,High income,2021,3,dummy_mean,84.53999999999999,69.94118841517587,14.59881158482412,-14.59881158482412,permissive
CHL,Chile,L. Amer. & the Caribbean,High income,2022,3,dummy_mean,93.82683048387334,69.94118841517587,23.885642068697464,-23.885642068697464,permissive
CRI,Costa Rica,L. Amer. & the Caribbean,High income,2021,3,dummy_mean,88.84514557318265,69.94118841517587,18.903957158006776,-18.903957158006776,permissive
CUB,Cuba,L. Amer. & the Caribbean,Upper middle income,2020,3,dummy_mean,8.182534816501711,69.94118841517587,61.75865359867416,61.75865359867416,permissive
CUW,Curacao,L. Amer. & the Caribbean,High income,2023,3,dummy_mean,95.1434977578475,69.94118841517587,25.202309342671626,-25.202309342671626,permissive
CYM,Cayman Islands,L. Amer. & the Caribbean,High income,2022,3,dummy_mean,100.0,69.94118841517587,30.058811584824127,-30.058811584824127,permissive
ECU,Ecuador,L. Amer. & the Caribbean,Upper middle income,2021,3,dummy_mean,7.800000000000001,69.94118841517587,62.141188415175876,62.141188415175876,permissive
GRD,Grenada,L. Amer. & the Caribbean,Upper middle income,2011,3,dummy_mean,98.6,69.94118841517587,28.65881158482412,-28.65881158482412,permissive
GTM,Guatemala,L. Amer. & the Caribbean,Upper middle income,2018,3,dummy_mean,41.9,69.94118841517587,28.041188415175874,28.041188415175874,permissive
GUY,Guyana,L. Amer. & the Caribbean,High income,2021,3,dummy_mean,55.00000000000001,69.94118841517587,14.941188415175866,14.941188415175866,permissive
HND,Honduras,L. Amer. & the Caribbean,Lower middle income,2021,3,dummy_mean,22.31,69.94118841517587,47.63118841517587,47.63118841517587,permissive
HTI,Haiti,L. Amer. & the Caribbean,Lower middle income,2021,3,dummy_mean,0.0,69.94118841517587,69.94118841517587,69.94118841517587,permissive
JAM,Jamaica,L. Amer. & the Caribbean,Upper middle income,2021,3,dummy_mean,0.0,69.94118841517587,69.94118841517587,69.94118841517587,permissive
MEX,Mexico,L. Amer. & the Caribbean,Upper middle income,2021,3,dummy_mean,76.85000000000001,69.94118841517587,6.908811584824136,-6.908811584824136,permissive
NIC,Nicaragua,L. Amer. & the Caribbean,Lower middle income,2021,3,dummy_mean,0.0,69.94118841517587,69.94118841517587,69.94118841517587,permissive
PAN,Panama,L. Amer. & the Caribbean,High income,2021,3,dummy_mean,0.0,69.94118841517587,69.94118841517587,69.94118841517587,permissive
PRI,Puerto Rico,L. Amer. & the Caribbean,High income,2020,3,dummy_mean,14.000000000000002,69.94118841517587,55.94118841517587,55.94118841517587,permissive
PRY,Paraguay,L. Amer. & the Caribbean,Upper middle income,2021,3,dummy_mean,57.95,69.94118841517587,11.99118841517587,11.99118841517587,permissive
SLV,El Salvador,L. Amer. & the Caribbean,Upper middle income,2021,3,dummy_mean,72.03,69.94118841517587,2.0888115848241284,-2.0888115848241284,permissive
SUR,Suriname,L. Amer. & the Caribbean,Upper middle income,2022,3,dummy_mean,5.0,69.94118841517587,64.94118841517587,64.94118841517587,permissive
SXM,Sint Maarten (Dutch part),L. Amer. & the Caribbean,High income,2019,3,dummy_mean,10.0,69.94118841517587,59.94118841517587,59.94118841517587,permissive
URY,Uruguay,L. Amer. & the Caribbean,High income,2021,3,dummy_mean,94.7622308955103,69.94118841517587,24.821042480334427,-24.821042480334427,permissive
VCT,St. Vincent and the Grenadines,L. Amer. & the Caribbean,Upper middle income,2020,3,dummy_mean,99.99999999999996,69.94118841517587,30.058811584824085,-30.058811584824085,permissive
VEN,"Venezuela, RB",L. Amer. & the Caribbean,Lower middle income,2021,3,dummy_mean,78.11,69.94118841517587,8.168811584824127,-8.168811584824127,permissive
VGB,British Virgin Islands,L. Amer. & the Caribbean,High income,2005,3,dummy_mean,80.25,69.94118841517587,10.308811584824127,-10.308811584824127,permissive
ABW,Aruba,L. Amer. & the Caribbean,High income,2019,3,linear,100.0,86.19177690373193,13.808223096268065,-13.808223096268065,permissive
ARG,Argentina,L. Amer. & the Caribbean,Upper middle income,2020,3,linear,89.30000000000001,75.11089920687628,14.189100793123728,-14.189100793123728,permissive
ATG,Antigua and Barbuda,L. Amer. & the Caribbean,High income,2012,3,linear,49.5,70.84828464573376,21.348284645733756,21.348284645733756,permissive
BHS,"Bahamas, The",L. Amer. & the Caribbean,High income,2021,3,linear,0.0,80.33659097291664,80.33659097291664,80.33659097291664,permissive
BRA,Brazil,L. Amer. & the Caribbean,Upper middle income,2022,3,linear,79.89962520913767,69.2929920943477,10.606633114789972,-10.606633114789972,permissive
BRB,Barbados,L. Amer. & the Caribbean,High income,2021,3,linear,84.53999999999999,67.40479462691343,17.135205373086563,-17.135205373086563,permissive
CHL,Chile,L. Amer. & the Caribbean,High income,2022,3,linear,93.82683048387334,79.97626502104002,13.850565462833316,-13.850565462833316,permissive
CRI,Costa Rica,L. Amer. & the Caribbean,High income,2021,3,linear,88.84514557318265,75.13537513046002,13.709770442722629,-13.709770442722629,permissive
CUB,Cuba,L. Amer. & the Caribbean,Upper middle income,2020,3,linear,8.182534816501711,75.71317773276772,67.530642916266,67.530642916266,permissive
CUW,Curacao,L. Amer. & the Caribbean,High income,2023,3,linear,95.1434977578475,80.65807734749148,14.485420410356014,-14.485420410356014,permissive
CYM,Cayman Islands,L. Amer. & the Caribbean,High income,2022,3,linear,100.0,100.0,0.0,0.0,permissive
ECU,Ecuador,L. Amer. & the Caribbean,Upper middle income,2021,3,linear,7.800000000000001,59.96571334501218,52.16571334501218,52.16571334501218,permissive
GRD,Grenada,L. Amer. & the Caribbean,Upper middle income,2011,3,linear,98.6,57.65154620406702,40.94845379593298,-40.94845379593298,permissive
GTM,Guatemala,L. Amer. & the Caribbean,Upper middle income,2018,3,linear,41.9,55.312235197071416,13.412235197071418,13.412235197071418,permissive
GUY,Guyana,L. Amer. & the Caribbean,High income,2021,3,linear,55.00000000000001,65.15715512968463,10.157155129684618,10.157155129684618,permissive
HND,Honduras,L. Amer. & the Caribbean,Lower middle income,2021,3,linear,22.31,41.628006045220246,19.318006045220248,19.318006045220248,permissive
HTI,Haiti,L. Amer. & the Caribbean,Lower middle income,2021,3,linear,0.0,26.73256128931581,26.73256128931581,26.73256128931581,permissive
JAM,Jamaica,L. Amer. & the Caribbean,Upper middle income,2021,3,linear,0.0,54.42962422533732,54.42962422533732,54.42962422533732,permissive
MEX,Mexico,L. Amer. & the Caribbean,Upper middle income,2021,3,linear,76.85000000000001,71.75651528668556,5.093484713314453,-5.093484713314453,permissive
NIC,Nicaragua,L. Amer. & the Caribbean,Lower middle income,2021,3,linear,0.0,44.46471897302727,44.46471897302727,44.46471897302727,permissive
PAN,Panama,L. Amer. & the Caribbean,High income,2021,3,linear,0.0,79.01080859923484,79.01080859923484,79.01080859923484,permissive
PRI,Puerto Rico,L. Amer. & the Caribbean,High income,2020,3,linear,14.000000000000002,89.87232286368726,75.87232286368726,75.87232286368726,permissive
PRY,Paraguay,L. Amer. & the Caribbean,Upper middle income,2021,3,linear,57.95,62.09398951901846,4.143989519018454,4.143989519018454,permissive
SLV,El Salvador,L. Amer. & the Caribbean,Upper middle income,2021,3,linear,72.03,57.28072757596672,14.749272424033279,-14.749272424033279,permissive
SUR,Suriname,L. Amer. & the Caribbean,Upper middle income,2022,3,linear,5.0,65.05701508576043,60.057015085760426,60.057015085760426,permissive
SXM,Sint Maarten (Dutch part),L. Amer. & the Caribbean,High income,2019,3,linear,10.0,94.36038949556428,84.36038949556428,84.36038949556428,permissive
URY,Uruguay,L. Amer. & the Caribbean,High income,2021,3,linear,94.7622308955103,80.23541996498504,14.526810930525258,-14.526810930525258,permissive
VCT,St. Vincent and the Grenadines,L. Amer. & the Caribbean,Upper middle income,2020,3,linear,99.99999999999996,62.48525567171791,37.51474432828205,-37.51474432828205,permissive
VEN,"Venezuela, RB",L. Amer. & the Caribbean,Lower middle income,2021,3,linear,78.11,76.07121436659308,2.038785633406917,-2.038785633406917,permissive
VGB,British Virgin Islands,L. Amer. & the Caribbean,High income,2005,3,linear,80.25,71.74830426857785,8.501695731422146,-8.501695731422146,permissive
ABW,Aruba,L. Amer. & the Caribbean,High income,2019,3,ridge,100.0,86.1687658955468,13.831234104453202,-13.831234104453202,permissive
ARG,Argentina,L. Amer. & the Caribbean,Upper middle income,2020,3,ridge,89.30000000000001,75.13239330353737,14.167606696462641,-14.167606696462641,permissive
ATG,Antigua and Barbuda,L. Amer. & the Caribbean,High income,2012,3,ridge,49.5,70.8070420763141,21.307042076314104,21.307042076314104,permissive
BHS,"Bahamas, The",L. Amer. & the Caribbean,High income,2021,3,ridge,0.0,80.34197327905555,80.34197327905555,80.34197327905555,permissive
BRA,Brazil,L. Amer. & the Caribbean,Upper middle income,2022,3,ridge,79.89962520913767,69.31674606747352,10.58287914166415,-10.58287914166415,permissive
BRB,Barbados,L. Amer. & the Caribbean,High income,2021,3,ridge,84.53999999999999,67.40412080364688,17.135879196353116,-17.135879196353116,permissive
CHL,Chile,L. Amer. & the Caribbean,High income,2022,3,ridge,93.82683048387334,79.98784990649071,13.838980577382628,-13.838980577382628,permissive
CRI,Costa Rica,L. Amer. & the Caribbean,High income,2021,3,ridge,88.84514557318265,75.14277114889627,13.702374424286376,-13.702374424286376,permissive
CUB,Cuba,L. Amer. & the Caribbean,Upper middle income,2020,3,ridge,8.182534816501711,75.718398461363,67.53586364486128,67.53586364486128,permissive
CUW,Curacao,L. Amer. & the Caribbean,High income,2023,3,ridge,95.1434977578475,80.67401573510716,14.469482022740337,-14.469482022740337,permissive
CYM,Cayman Islands,L. Amer. & the Caribbean,High income,2022,3,ridge,100.0,100.0,0.0,0.0,permissive
ECU,Ecuador,L. Amer. & the Caribbean,Upper middle income,2021,3,ridge,7.800000000000001,59.97743933311153,52.177439333111536,52.177439333111536,permissive
GRD,Grenada,L. Amer. & the Caribbean,Upper middle income,2011,3,ridge,98.6,57.639640791976845,40.96035920802315,-40.96035920802315,permissive
GTM,Guatemala,L. Amer. & the Caribbean,Upper middle income,2018,3,ridge,41.9,55.32039573019169,13.420395730191693,13.420395730191693,permissive
GUY,Guyana,L. Amer. & the Caribbean,High income,2021,3,ridge,55.00000000000001,65.12404200730899,10.12404200730898,10.12404200730898,permissive
HND,Honduras,L. Amer. & the Caribbean,Lower middle income,2021,3,ridge,22.31,41.659233614745574,19.349233614745575,19.349233614745575,permissive
HTI,Haiti,L. Amer. & the Caribbean,Lower middle income,2021,3,ridge,0.0,26.77981180616907,26.77981180616907,26.77981180616907,permissive
JAM,Jamaica,L. Amer. & the Caribbean,Upper middle income,2021,3,ridge,0.0,54.443886002863216,54.443886002863216,54.443886002863216,permissive
MEX,Mexico,L. Amer. & the Caribbean,Upper middle income,2021,3,ridge,76.85000000000001,71.7679496011677,5.082050398832308,-5.082050398832308,permissive
NIC,Nicaragua,L. Amer. & the Caribbean,Lower middle income,2021,3,ridge,0.0,44.49391528411539,44.49391528411539,44.49391528411539,permissive
PAN,Panama,L. Amer. & the Caribbean,High income,2021,3,ridge,0.0,78.99982697936484,78.99982697936484,78.99982697936484,permissive
PRI,Puerto Rico,L. Amer. & the Caribbean,High income,2020,3,ridge,14.000000000000002,89.87667629380657,75.87667629380657,75.87667629380657,permissive
PRY,Paraguay,L. Amer. & the Caribbean,Upper middle income,2021,3,ridge,57.95,62.10796253393511,4.157962533935105,4.157962533935105,permissive
SLV,El Salvador,L. Amer. & the Caribbean,Upper middle income,2021,3,ridge,72.03,57.30801739341643,14.721982606583573,-14.721982606583573,permissive
SUR,Suriname,L. Amer. & the Caribbean,Upper middle income,2022,3,ridge,5.0,65.06673892342158,60.06673892342158,60.06673892342158,permissive
SXM,Sint Maarten (Dutch part),L. Amer. & the Caribbean,High income,2019,3,ridge,10.0,94.36719113346078,84.36719113346078,84.36719113346078,permissive
URY,Uruguay,L. Amer. & the Caribbean,High income,2021,3,ridge,94.7622308955103,80.25494320312082,14.507287692389482,-14.507287692389482,permissive
VCT,St. Vincent and the Grenadines,L. Amer. & the Caribbean,Upper middle income,2020,3,ridge,99.99999999999996,62.47907817986193,37.52092182013803,-37.52092182013803,permissive
VEN,"Venezuela, RB",L. Amer. & the Caribbean,Lower middle income,2021,3,ridge,78.11,76.08858019620932,2.0214198037906783,-2.0214198037906783,permissive
VGB,British Virgin Islands,L. Amer. & the Caribbean,High income,2005,3,ridge,80.25,71.72624767435643,8.52375232564357,-8.52375232564357,permissive
ABW,Aruba,L. Amer. & the Caribbean,High income,2019,3,random_forest,100.0,94.29283262318549,5.70716737681451,-5.70716737681451,permissive
ARG,Argentina,L. Amer. & the Caribbean,Upper middle income,2020,3,random_forest,89.30000000000001,75.89844725012345,13.401552749876558,-13.401552749876558,permissive
ATG,Antigua and Barbuda,L. Amer. & the Caribbean,High income,2012,3,random_forest,49.5,86.34153443856462,36.84153443856462,36.84153443856462,permissive
BHS,"Bahamas, The",L. Amer. & the Caribbean,High income,2021,3,random_forest,0.0,84.4454701293418,84.4454701293418,84.4454701293418,permissive
BRA,Brazil,L. Amer. & the Caribbean,Upper middle income,2022,3,random_forest,79.89962520913767,61.6296184481243,18.27000676101337,-18.27000676101337,permissive
BRB,Barbados,L. Amer. & the Caribbean,High income,2021,3,random_forest,84.53999999999999,60.65412114751758,23.885878852482413,-23.885878852482413,permissive
CHL,Chile,L. Amer. & the Caribbean,High income,2022,3,random_forest,93.82683048387334,80.56267821274032,13.264152271133014,-13.264152271133014,permissive
CRI,Costa Rica,L. Amer. & the Caribbean,High income,2021,3,random_forest,88.84514557318265,83.15910493347599,5.686040639706661,-5.686040639706661,permissive
CUB,Cuba,L. Amer. & the Caribbean,Upper middle income,2020,3,random_forest,8.182534816501711,80.43799523068056,72.25546041417884,72.25546041417884,permissive
CUW,Curacao,L. Amer. & the Caribbean,High income,2023,3,random_forest,95.1434977578475,90.17638607264396,4.967111685203534,-4.967111685203534,permissive
CYM,Cayman Islands,L. Amer. & the Caribbean,High income,2022,3,random_forest,100.0,97.67691620498628,2.3230837950137158,-2.3230837950137158,permissive
ECU,Ecuador,L. Amer. & the Caribbean,Upper middle income,2021,3,random_forest,7.800000000000001,54.328393951224854,46.52839395122486,46.52839395122486,permissive
GRD,Grenada,L. Amer. & the Caribbean,Upper middle income,2011,3,random_forest,98.6,31.282220301708517,67.31777969829147,-67.31777969829147,permissive
GTM,Guatemala,L. Amer. & the Caribbean,Upper middle income,2018,3,random_forest,41.9,41.44670039897563,0.4532996010243693,-0.4532996010243693,permissive
GUY,Guyana,L. Amer. & the Caribbean,High income,2021,3,random_forest,55.00000000000001,71.6974337903518,16.697433790351788,16.697433790351788,permissive
HND,Honduras,L. Amer. & the Caribbean,Lower middle income,2021,3,random_forest,22.31,46.34784082182693,24.03784082182693,24.03784082182693,permissive
HTI,Haiti,L. Amer. & the Caribbean,Lower middle income,2021,3,random_forest,0.0,32.35920608317614,32.35920608317614,32.35920608317614,permissive
JAM,Jamaica,L. Amer. & the Caribbean,Upper middle income,2021,3,random_forest,0.0,43.91193009694579,43.91193009694579,43.91193009694579,permissive
MEX,Mexico,L. Amer. & the Caribbean,Upper middle income,2021,3,random_forest,76.85000000000001,69.41822839854672,7.431771601453292,-7.431771601453292,permissive
NIC,Nicaragua,L. Amer. & the Caribbean,Lower middle income,2021,3,random_forest,0.0,46.036399933798265,46.036399933798265,46.036399933798265,permissive
PAN,Panama,L. Amer. & the Caribbean,High income,2021,3,random_forest,0.0,83.74901827294318,83.74901827294318,83.74901827294318,permissive
PRI,Puerto Rico,L. Amer. & the Caribbean,High income,2020,3,random_forest,14.000000000000002,98.79163704219164,84.79163704219164,84.79163704219164,permissive
PRY,Paraguay,L. Amer. & the Caribbean,Upper middle income,2021,3,random_forest,57.95,51.704998467510976,6.245001532489027,-6.245001532489027,permissive
SLV,El Salvador,L. Amer. & the Caribbean,Upper middle income,2021,3,random_forest,72.03,40.84210731431929,31.18789268568071,-31.18789268568071,permissive
SUR,Suriname,L. Amer. & the Caribbean,Upper middle income,2022,3,random_forest,5.0,66.61023734121383,61.61023734121383,61.61023734121383,permissive
SXM,Sint Maarten (Dutch part),L. Amer. & the Caribbean,High income,2019,3,random_forest,10.0,97.37270013079066,87.37270013079066,87.37270013079066,permissive
URY,Uruguay,L. Amer. & the Caribbean,High income,2021,3,random_forest,94.7622308955103,83.79613636752731,10.966094527982989,-10.966094527982989,permissive
VCT,St. Vincent and the Grenadines,L. Amer. & the Caribbean,Upper middle income,2020,3,random_forest,99.99999999999996,39.99400162662526,60.005998373374695,-60.005998373374695,permissive
VEN,"Venezuela, RB",L. Amer. & the Caribbean,Lower middle income,2021,3,random_forest,78.11,76.30981864733118,1.8001813526688153,-1.8001813526688153,permissive
VGB,British Virgin Islands,L. Amer. & the Caribbean,High income,2005,3,random_forest,80.25,84.20265510465791,3.9526551046579073,3.9526551046579073,permissive
ABW,Aruba,L. Amer. & the Caribbean,High income,2019,3,hist_gbr,100.0,95.05887795020479,4.9411220497952115,-4.9411220497952115,permissive
ARG,Argentina,L. Amer. & the Caribbean,Upper middle income,2020,3,hist_gbr,89.30000000000001,79.04621127511514,10.25378872488487,-10.25378872488487,permissive
ATG,Antigua and Barbuda,L. Amer. & the Caribbean,High income,2012,3,hist_gbr,49.5,80.19991774913034,30.699917749130336,30.699917749130336,permissive
BHS,"Bahamas, The",L. Amer. & the Caribbean,High income,2021,3,hist_gbr,0.0,93.049330385239,93.049330385239,93.049330385239,permissive
BRA,Brazil,L. Amer. & the Caribbean,Upper middle income,2022,3,hist_gbr,79.89962520913767,62.39634867846,17.503276530677667,-17.503276530677667,permissive
BRB,Barbados,L. Amer. & the Caribbean,High income,2021,3,hist_gbr,84.53999999999999,67.54551316771267,16.994486832287322,-16.994486832287322,permissive
CHL,Chile,L. Amer. & the Caribbean,High income,2022,3,hist_gbr,93.82683048387334,71.35861221517848,22.468218268694855,-22.468218268694855,permissive
CRI,Costa Rica,L. Amer. & the Caribbean,High income,2021,3,hist_gbr,88.84514557318265,83.15938115223668,5.685764420945972,-5.685764420945972,permissive
CUB,Cuba,L. Amer. & the Caribbean,Upper middle income,2020,3,hist_gbr,8.182534816501711,76.22051367001727,68.03797885351555,68.03797885351555,permissive
CUW,Curacao,L. Amer. & the Caribbean,High income,2023,3,hist_gbr,95.1434977578475,87.74869911997574,7.394798637871759,-7.394798637871759,permissive
CYM,Cayman Islands,L. Amer. & the Caribbean,High income,2022,3,hist_gbr,100.0,97.74262625422234,2.257373745777656,-2.257373745777656,permissive
ECU,Ecuador,L. Amer. & the Caribbean,Upper middle income,2021,3,hist_gbr,7.800000000000001,56.45855366860434,48.65855366860434,48.65855366860434,permissive
GRD,Grenada,L. Amer. & the Caribbean,Upper middle income,2011,3,hist_gbr,98.6,37.38844122466075,61.21155877533924,-61.21155877533924,permissive
GTM,Guatemala,L. Amer. & the Caribbean,Upper middle income,2018,3,hist_gbr,41.9,40.29191489518898,1.6080851048110176,-1.6080851048110176,permissive
GUY,Guyana,L. Amer. & the Caribbean,High income,2021,3,hist_gbr,55.00000000000001,77.05432573286734,22.054325732867333,22.054325732867333,permissive
HND,Honduras,L. Amer. & the Caribbean,Lower middle income,2021,3,hist_gbr,22.31,37.98765391227917,15.677653912279172,15.677653912279172,permissive
HTI,Haiti,L. Amer. & the Caribbean,Lower middle income,2021,3,hist_gbr,0.0,40.22498815172746,40.22498815172746,40.22498815172746,permissive
JAM,Jamaica,L. Amer. & the Caribbean,Upper middle income,2021,3,hist_gbr,0.0,51.176667952679104,51.176667952679104,51.176667952679104,permissive
MEX,Mexico,L. Amer. & the Caribbean,Upper middle income,2021,3,hist_gbr,76.85000000000001,75.30151982146336,1.54848017853665,-1.54848017853665,permissive
NIC,Nicaragua,L. Amer. & the Caribbean,Lower middle income,2021,3,hist_gbr,0.0,43.8927293709143,43.8927293709143,43.8927293709143,permissive
PAN,Panama,L. Amer. & the Caribbean,High income,2021,3,hist_gbr,0.0,89.46183855858386,89.46183855858386,89.46183855858386,permissive
PRI,Puerto Rico,L. Amer. & the Caribbean,High income,2020,3,hist_gbr,14.000000000000002,100.0,86.0,86.0,permissive
PRY,Paraguay,L. Amer. & the Caribbean,Upper middle income,2021,3,hist_gbr,57.95,55.14601055784405,2.8039894421559524,-2.8039894421559524,permissive
SLV,El Salvador,L. Amer. & the Caribbean,Upper middle income,2021,3,hist_gbr,72.03,45.56868589553661,26.46131410446339,-26.46131410446339,permissive
SUR,Suriname,L. Amer. & the Caribbean,Upper middle income,2022,3,hist_gbr,5.0,64.86325021091233,59.86325021091233,59.86325021091233,permissive
SXM,Sint Maarten (Dutch part),L. Amer. & the Caribbean,High income,2019,3,hist_gbr,10.0,97.74262625422234,87.74262625422234,87.74262625422234,permissive
URY,Uruguay,L. Amer. & the Caribbean,High income,2021,3,hist_gbr,94.7622308955103,81.98329176869306,12.778939126817235,-12.778939126817235,permissive
VCT,St. Vincent and the Grenadines,L. Amer. & the Caribbean,Upper middle income,2020,3,hist_gbr,99.99999999999996,39.8463763541443,60.15362364585566,-60.15362364585566,permissive
VEN,"Venezuela, RB",L. Amer. & the Caribbean,Lower middle income,2021,3,hist_gbr,78.11,68.42330548563326,9.686694514366735,-9.686694514366735,permissive
VGB,British Virgin Islands,L. Amer. & the Caribbean,High income,2005,3,hist_gbr,80.25,80.19991774913034,0.050082250869664335,-0.050082250869664335,permissive
ARE,United Arab Emirates,Mid. East & N. Africa,High income,2022,4,dummy_mean,100.0,66.64994226987898,33.35005773012102,-33.35005773012102,permissive
BHR,Bahrain,Mid. East & N. Africa,High income,2022,4,dummy_mean,100.00000000000004,66.64994226987898,33.350057730121065,-33.350057730121065,permissive
DJI,Djibouti,Mid. East & N. Africa,Lower middle income,2004,4,dummy_mean,62.0,66.64994226987898,4.649942269878977,4.649942269878977,permissive
DZA,Algeria,Mid. East & N. Africa,Upper middle income,2012,4,dummy_mean,40.0,66.64994226987898,26.649942269878977,26.649942269878977,permissive
EGY,"Egypt, Arab Rep.",Mid. East & N. Africa,Lower middle income,2016,4,dummy_mean,26.5,66.64994226987898,40.14994226987898,40.14994226987898,permissive
IRN,"Iran, Islamic Rep.",Mid. East & N. Africa,Upper middle income,2023,4,dummy_mean,34.0,66.64994226987898,32.64994226987898,32.64994226987898,permissive
IRQ,Iraq,Mid. East & N. Africa,Upper middle income,2019,4,dummy_mean,58.72248300420845,66.64994226987898,7.927459265670528,7.927459265670528,permissive
ISR,Israel,Mid. East & N. Africa,High income,2020,4,dummy_mean,100.044786999917,66.64994226987898,33.39484473003802,-33.39484473003802,permissive
JOR,Jordan,Mid. East & N. Africa,Upper middle income,2012,4,dummy_mean,55.0,66.64994226987898,11.649942269878977,11.649942269878977,permissive
KWT,Kuwait,Mid. East & N. Africa,High income,2022,4,dummy_mean,100.0,66.64994226987898,33.35005773012102,-33.35005773012102,permissive
LBN,Lebanon,Mid. East & N. Africa,Lower middle income,2022,4,dummy_mean,56.99999999999999,66.64994226987898,9.649942269878984,9.649942269878984,permissive
LBY,Libya,Mid. East & N. Africa,Upper middle income,2023,4,dummy_mean,0.0,66.64994226987898,66.64994226987898,66.64994226987898,permissive
MAR,Morocco,Mid. East & N. Africa,Lower middle income,2021,4,dummy_mean,63.10000000000001,66.64994226987898,3.5499422698789687,3.5499422698789687,permissive
MLT,Malta,Mid. East & N. Africa,High income,2022,4,dummy_mean,96.6156507122542,66.64994226987898,29.965708442375217,-29.965708442375217,permissive
OMN,Oman,Mid. East & N. Africa,High income,2022,4,dummy_mean,100.1,66.64994226987898,33.45005773012102,-33.45005773012102,permissive
QAT,Qatar,Mid. East & N. Africa,High income,2020,4,dummy_mean,100.00000000000004,66.64994226987898,33.350057730121065,-33.350057730121065,permissive
SAU,Saudi Arabia,Mid. East & N. Africa,High income,2022,4,dummy_mean,92.27334721311568,66.64994226987898,25.623404943236707,-25.623404943236707,permissive
TUN,Tunisia,Mid. East & N. Africa,Lower middle income,2012,4,dummy_mean,79.0,66.64994226987898,12.350057730121023,-12.350057730121023,permissive
YEM,"Yemen, Rep.",Mid. East & N. Africa,Low income,2016,4,dummy_mean,17.7,66.64994226987898,48.949942269878974,48.949942269878974,permissive
ARE,United Arab Emirates,Mid. East & N. Africa,High income,2022,4,linear,100.0,98.61613067367915,1.3838693263208484,-1.3838693263208484,permissive
BHR,Bahrain,Mid. East & N. Africa,High income,2022,4,linear,100.00000000000004,94.05195115370395,5.948048846296089,-5.948048846296089,permissive
DJI,Djibouti,Mid. East & N. Africa,Lower middle income,2004,4,linear,62.0,68.87365892918547,6.873658929185467,6.873658929185467,permissive
DZA,Algeria,Mid. East & N. Africa,Upper middle income,2012,4,linear,40.0,60.06146487027107,20.061464870271067,20.061464870271067,permissive
EGY,"Egypt, Arab Rep.",Mid. East & N. Africa,Lower middle income,2016,4,linear,26.5,60.17018872345549,33.67018872345549,33.67018872345549,permissive
IRN,"Iran, Islamic Rep.",Mid. East & N. Africa,Upper middle income,2023,4,linear,34.0,64.92301247149064,30.923012471490637,30.923012471490637,permissive
IRQ,Iraq,Mid. East & N. Africa,Upper middle income,2019,4,linear,58.72248300420845,61.47226707024048,2.749784066032028,2.749784066032028,permissive
ISR,Israel,Mid. East & N. Africa,High income,2020,4,linear,100.044786999917,87.17610561559704,12.868681384319956,-12.868681384319956,permissive
JOR,Jordan,Mid. East & N. Africa,Upper middle income,2012,4,linear,55.0,55.17253206793433,0.17253206793432696,0.17253206793432696,permissive
KWT,Kuwait,Mid. East & N. Africa,High income,2022,4,linear,100.0,90.80838896564137,9.19161103435863,-9.19161103435863,permissive
LBN,Lebanon,Mid. East & N. Africa,Lower middle income,2022,4,linear,56.99999999999999,54.75184441897258,2.2481555810274116,-2.2481555810274116,permissive
LBY,Libya,Mid. East & N. Africa,Upper middle income,2023,4,linear,0.0,54.24792053652957,54.24792053652957,54.24792053652957,permissive
MAR,Morocco,Mid. East & N. Africa,Lower middle income,2021,4,linear,63.10000000000001,47.952991830425646,15.147008169574363,-15.147008169574363,permissive
MLT,Malta,Mid. East & N. Africa,High income,2022,4,linear,96.6156507122542,93.00791928633674,3.60773142591745,-3.60773142591745,permissive
OMN,Oman,Mid. East & N. Africa,High income,2022,4,linear,100.1,83.04025043379927,17.059749566200722,-17.059749566200722,permissive
QAT,Qatar,Mid. East & N. Africa,High income,2020,4,linear,100.00000000000004,100.0,4.263256414560601e-14,-4.263256414560601e-14,permissive
SAU,Saudi Arabia,Mid. East & N. Africa,High income,2022,4,linear,92.27334721311568,97.06289197715684,4.789544764041153,4.789544764041153,permissive
TUN,Tunisia,Mid. East & N. Africa,Lower middle income,2012,4,linear,79.0,56.032004416823014,22.967995583176986,-22.967995583176986,permissive
YEM,"Yemen, Rep.",Mid. East & N. Africa,Low income,2016,4,linear,17.7,71.65971369501837,53.959713695018365,53.959713695018365,permissive
ARE,United Arab Emirates,Mid. East & N. Africa,High income,2022,4,ridge,100.0,98.59347154473146,1.4065284552685426,-1.4065284552685426,permissive
BHR,Bahrain,Mid. East & N. Africa,High income,2022,4,ridge,100.00000000000004,94.04854625234164,5.951453747658405,-5.951453747658405,permissive
DJI,Djibouti,Mid. East & N. Africa,Lower middle income,2004,4,ridge,62.0,68.88088953365069,6.880889533650688,6.880889533650688,permissive
DZA,Algeria,Mid. East & N. Africa,Upper middle income,2012,4,ridge,40.0,60.07429244866657,20.07429244866657,20.07429244866657,permissive
EGY,"Egypt, Arab Rep.",Mid. East & N. Africa,Lower middle income,2016,4,ridge,26.5,60.155266306981055,33.655266306981055,33.655266306981055,permissive
IRN,"Iran, Islamic Rep.",Mid. East & N. Africa,Upper middle income,2023,4,ridge,34.0,64.93535660561528,30.935356605615283,30.935356605615283,permissive
IRQ,Iraq,Mid. East & N. Africa,Upper middle income,2019,4,ridge,58.72248300420845,61.48288425070896,2.760401246500514,2.760401246500514,permissive
ISR,Israel,Mid. East & N. Africa,High income,2020,4,ridge,100.044786999917,87.17347399766393,12.87131300225306,-12.87131300225306,permissive
JOR,Jordan,Mid. East & N. Africa,Upper middle income,2012,4,ridge,55.0,55.20777420135254,0.20777420135254232,0.20777420135254232,permissive
KWT,Kuwait,Mid. East & N. Africa,High income,2022,4,ridge,100.0,90.8102104336008,9.189789566399199,-9.189789566399199,permissive
LBN,Lebanon,Mid. East & N. Africa,Lower middle income,2022,4,ridge,56.99999999999999,54.791114823328634,2.208885176671359,-2.208885176671359,permissive
LBY,Libya,Mid. East & N. Africa,Upper middle income,2023,4,ridge,0.0,54.29000854574724,54.29000854574724,54.29000854574724,permissive
MAR,Morocco,Mid. East & N. Africa,Lower middle income,2021,4,ridge,63.10000000000001,47.97452375837801,15.125476241621996,-15.125476241621996,permissive
MLT,Malta,Mid. East & N. Africa,High income,2022,4,ridge,96.6156507122542,93.00283313908702,3.6128175731671774,-3.6128175731671774,permissive
OMN,Oman,Mid. East & N. Africa,High income,2022,4,ridge,100.1,83.0358447255319,17.064155274468092,-17.064155274468092,permissive
QAT,Qatar,Mid. East & N. Africa,High income,2020,4,ridge,100.00000000000004,100.0,4.263256414560601e-14,-4.263256414560601e-14,permissive
SAU,Saudi Arabia,Mid. East & N. Africa,High income,2022,4,ridge,92.27334721311568,97.04200866233265,4.768661449216964,4.768661449216964,permissive
TUN,Tunisia,Mid. East & N. Africa,Lower middle income,2012,4,ridge,79.0,56.04884367910158,22.95115632089842,-22.95115632089842,permissive
YEM,"Yemen, Rep.",Mid. East & N. Africa,Low income,2016,4,ridge,17.7,71.62194753686418,53.92194753686418,53.92194753686418,permissive
ARE,United Arab Emirates,Mid. East & N. Africa,High income,2022,4,random_forest,100.0,98.48906579250333,1.5109342074966747,-1.5109342074966747,permissive
BHR,Bahrain,Mid. East & N. Africa,High income,2022,4,random_forest,100.00000000000004,89.73947476989112,10.260525230108925,-10.260525230108925,permissive
DJI,Djibouti,Mid. East & N. Africa,Lower middle income,2004,4,random_forest,62.0,71.58480982619727,9.584809826197272,9.584809826197272,permissive
DZA,Algeria,Mid. East & N. Africa,Upper middle income,2012,4,random_forest,40.0,61.652186113435086,21.652186113435086,21.652186113435086,permissive
EGY,"Egypt, Arab Rep.",Mid. East & N. Africa,Lower middle income,2016,4,random_forest,26.5,47.164593493048734,20.664593493048734,20.664593493048734,permissive
IRN,"Iran, Islamic Rep.",Mid. East & N. Africa,Upper middle income,2023,4,random_forest,34.0,68.13136444298179,34.13136444298179,34.13136444298179,permissive
IRQ,Iraq,Mid. East & N. Africa,Upper middle income,2019,4,random_forest,58.72248300420845,62.53057241122441,3.808089407015963,3.808089407015963,permissive
ISR,Israel,Mid. East & N. Africa,High income,2020,4,random_forest,100.044786999917,86.06012966368671,13.984657336230285,-13.984657336230285,permissive
JOR,Jordan,Mid. East & N. Africa,Upper middle income,2012,4,random_forest,55.0,50.56427363145677,4.435726368543229,-4.435726368543229,permissive
KWT,Kuwait,Mid. East & N. Africa,High income,2022,4,random_forest,100.0,92.93958215729407,7.060417842705931,-7.060417842705931,permissive
LBN,Lebanon,Mid. East & N. Africa,Lower middle income,2022,4,random_forest,56.99999999999999,52.3084854058253,4.691514594174691,-4.691514594174691,permissive
LBY,Libya,Mid. East & N. Africa,Upper middle income,2023,4,random_forest,0.0,56.48148026469272,56.48148026469272,56.48148026469272,permissive
MAR,Morocco,Mid. East & N. Africa,Lower middle income,2021,4,random_forest,63.10000000000001,38.668284194808365,24.431715805191644,-24.431715805191644,permissive
MLT,Malta,Mid. East & N. Africa,High income,2022,4,random_forest,96.6156507122542,89.46382442740524,7.151826284848951,-7.151826284848951,permissive
OMN,Oman,Mid. East & N. Africa,High income,2022,4,random_forest,100.1,87.69397969389321,12.406020306106782,-12.406020306106782,permissive
QAT,Qatar,Mid. East & N. Africa,High income,2020,4,random_forest,100.00000000000004,92.8743488716008,7.125651128399241,-7.125651128399241,permissive
SAU,Saudi Arabia,Mid. East & N. Africa,High income,2022,4,random_forest,92.27334721311568,96.5574830253786,4.284135812262917,4.284135812262917,permissive
TUN,Tunisia,Mid. East & N. Africa,Lower middle income,2012,4,random_forest,79.0,49.05529274456883,29.94470725543117,-29.94470725543117,permissive
YEM,"Yemen, Rep.",Mid. East & N. Africa,Low income,2016,4,random_forest,17.7,66.30140931537993,48.601409315379925,48.601409315379925,permissive
ARE,United Arab Emirates,Mid. East & N. Africa,High income,2022,4,hist_gbr,100.0,96.15986807559199,3.8401319244080128,-3.8401319244080128,permissive
BHR,Bahrain,Mid. East & N. Africa,High income,2022,4,hist_gbr,100.00000000000004,83.48485687669161,16.515143123308434,-16.515143123308434,permissive
DJI,Djibouti,Mid. East & N. Africa,Lower middle income,2004,4,hist_gbr,62.0,79.24651802539924,17.24651802539924,17.24651802539924,permissive
DZA,Algeria,Mid. East & N. Africa,Upper middle income,2012,4,hist_gbr,40.0,69.53500667282319,29.535006672823187,29.535006672823187,permissive
EGY,"Egypt, Arab Rep.",Mid. East & N. Africa,Lower middle income,2016,4,hist_gbr,26.5,51.02720620930313,24.52720620930313,24.52720620930313,permissive
IRN,"Iran, Islamic Rep.",Mid. East & N. Africa,Upper middle income,2023,4,hist_gbr,34.0,76.73970951276814,42.739709512768144,42.739709512768144,permissive
IRQ,Iraq,Mid. East & N. Africa,Upper middle income,2019,4,hist_gbr,58.72248300420845,71.11708113558115,12.394598131372696,12.394598131372696,permissive
ISR,Israel,Mid. East & N. Africa,High income,2020,4,hist_gbr,100.044786999917,80.66073743417891,19.38404956573808,-19.38404956573808,permissive
JOR,Jordan,Mid. East & N. Africa,Upper middle income,2012,4,hist_gbr,55.0,32.13759912431239,22.862400875687612,-22.862400875687612,permissive
KWT,Kuwait,Mid. East & N. Africa,High income,2022,4,hist_gbr,100.0,87.74505228687208,12.254947713127919,-12.254947713127919,permissive
LBN,Lebanon,Mid. East & N. Africa,Lower middle income,2022,4,hist_gbr,56.99999999999999,33.12371694721758,23.876283052782412,-23.876283052782412,permissive
LBY,Libya,Mid. East & N. Africa,Upper middle income,2023,4,hist_gbr,0.0,42.61676876009206,42.61676876009206,42.61676876009206,permissive
MAR,Morocco,Mid. East & N. Africa,Lower middle income,2021,4,hist_gbr,63.10000000000001,35.48888434836199,27.611115651638016,-27.611115651638016,permissive
MLT,Malta,Mid. East & N. Africa,High income,2022,4,hist_gbr,96.6156507122542,81.78676977241854,14.828880939835656,-14.828880939835656,permissive
OMN,Oman,Mid. East & N. Africa,High income,2022,4,hist_gbr,100.1,85.20457089563072,14.89542910436927,-14.89542910436927,permissive
QAT,Qatar,Mid. East & N. Africa,High income,2020,4,hist_gbr,100.00000000000004,88.2619467955135,11.738053204486548,-11.738053204486548,permissive
SAU,Saudi Arabia,Mid. East & N. Africa,High income,2022,4,hist_gbr,92.27334721311568,100.0,7.726652786884316,7.726652786884316,permissive
TUN,Tunisia,Mid. East & N. Africa,Lower middle income,2012,4,hist_gbr,79.0,42.67530387343521,36.32469612656479,-36.32469612656479,permissive
YEM,"Yemen, Rep.",Mid. East & N. Africa,Low income,2016,4,hist_gbr,17.7,67.98124897744181,50.281248977441805,50.281248977441805,permissive
BMU,Bermuda,N. Amer.,High income,2021,5,dummy_mean,99.99999999999994,66.09505537258578,33.90494462741417,-33.90494462741417,permissive
CAN,Canada,N. Amer.,High income,2022,5,dummy_mean,100.00000000000009,66.09505537258578,33.90494462741431,-33.90494462741431,permissive
USA,United States,N. Amer.,High income,2018,5,dummy_mean,100.0,66.09505537258578,33.904944627414224,-33.904944627414224,permissive
BMU,Bermuda,N. Amer.,High income,2021,5,linear,99.99999999999994,100.0,5.684341886080802e-14,5.684341886080802e-14,permissive
CAN,Canada,N. Amer.,High income,2022,5,linear,100.00000000000009,89.48640002133375,10.513599978666335,-10.513599978666335,permissive
USA,United States,N. Amer.,High income,2018,5,linear,100.0,96.01344992297751,3.9865500770224855,-3.9865500770224855,permissive
BMU,Bermuda,N. Amer.,High income,2021,5,ridge,99.99999999999994,100.0,5.684341886080802e-14,5.684341886080802e-14,permissive
CAN,Canada,N. Amer.,High income,2022,5,ridge,100.00000000000009,89.33481586477403,10.665184135226056,-10.665184135226056,permissive
USA,United States,N. Amer.,High income,2018,5,ridge,100.0,95.74768815688422,4.252311843115777,-4.252311843115777,permissive
BMU,Bermuda,N. Amer.,High income,2021,5,random_forest,99.99999999999994,91.02146930066888,8.97853069933106,-8.97853069933106,permissive
CAN,Canada,N. Amer.,High income,2022,5,random_forest,100.00000000000009,97.82731925957212,2.172680740427964,-2.172680740427964,permissive
USA,United States,N. Amer.,High income,2018,5,random_forest,100.0,98.3899879875097,1.6100120124903015,-1.6100120124903015,permissive
BMU,Bermuda,N. Amer.,High income,2021,5,hist_gbr,99.99999999999994,93.48596537683802,6.514034623161919,-6.514034623161919,permissive
CAN,Canada,N. Amer.,High income,2022,5,hist_gbr,100.00000000000009,100.0,8.526512829121202e-14,-8.526512829121202e-14,permissive
USA,United States,N. Amer.,High income,2018,5,hist_gbr,100.0,100.0,0.0,0.0,permissive
AFG,Afghanistan,S. Asia,Low income,2017,6,dummy_mean,59.3,67.83291610201918,8.532916102019186,8.532916102019186,permissive
BTN,Bhutan,S. Asia,Lower middle income,2019,6,dummy_mean,66.0529174321769,67.83291610201918,1.7799986698422856,1.7799986698422856,permissive
IND,India,S. Asia,Lower middle income,2020,6,dummy_mean,68.4,67.83291610201918,0.5670838979808224,-0.5670838979808224,permissive
LKA,Sri Lanka,S. Asia,Upper middle income,2016,6,dummy_mean,22.54,67.83291610201918,45.292916102019184,45.292916102019184,permissive
MDV,Maldives,S. Asia,Upper middle income,2016,6,dummy_mean,0.0,67.83291610201918,67.83291610201918,67.83291610201918,permissive
NPL,Nepal,S. Asia,Lower middle income,2013,6,dummy_mean,23.051,67.83291610201918,44.78191610201918,44.78191610201918,permissive
AFG,Afghanistan,S. Asia,Low income,2017,6,linear,59.3,18.793422710163824,40.50657728983617,-40.50657728983617,permissive
BTN,Bhutan,S. Asia,Lower middle income,2019,6,linear,66.0529174321769,56.33606126363949,9.716856168537404,-9.716856168537404,permissive
IND,India,S. Asia,Lower middle income,2020,6,linear,68.4,45.883392490790996,22.51660750920901,-22.51660750920901,permissive
LKA,Sri Lanka,S. Asia,Upper middle income,2016,6,linear,22.54,61.833221486280266,39.29322148628027,39.29322148628027,permissive
MDV,Maldives,S. Asia,Upper middle income,2016,6,linear,0.0,71.55802580510034,71.55802580510034,71.55802580510034,permissive
NPL,Nepal,S. Asia,Lower middle income,2013,6,linear,23.051,23.27069982596681,0.21969982596680993,0.21969982596680993,permissive
AFG,Afghanistan,S. Asia,Low income,2017,6,ridge,59.3,18.81262685748328,40.48737314251672,-40.48737314251672,permissive
BTN,Bhutan,S. Asia,Lower middle income,2019,6,ridge,66.0529174321769,56.327679216907775,9.725238215269123,-9.725238215269123,permissive
IND,India,S. Asia,Lower middle income,2020,6,ridge,68.4,45.87277449774307,22.527225502256933,-22.527225502256933,permissive
LKA,Sri Lanka,S. Asia,Upper middle income,2016,6,ridge,22.54,61.794947741214074,39.254947741214075,39.254947741214075,permissive
MDV,Maldives,S. Asia,Upper middle income,2016,6,ridge,0.0,71.53064696138009,71.53064696138009,71.53064696138009,permissive
NPL,Nepal,S. Asia,Lower middle income,2013,6,ridge,23.051,23.3200833466395,0.2690833466395013,0.2690833466395013,permissive
AFG,Afghanistan,S. Asia,Low income,2017,6,random_forest,59.3,19.329984923765547,39.970015076234446,-39.970015076234446,permissive
BTN,Bhutan,S. Asia,Lower middle income,2019,6,random_forest,66.0529174321769,43.151313941957206,22.901603490219692,-22.901603490219692,permissive
IND,India,S. Asia,Lower middle income,2020,6,random_forest,68.4,37.868446576143064,30.53155342385694,-30.53155342385694,permissive
LKA,Sri Lanka,S. Asia,Upper middle income,2016,6,random_forest,22.54,46.52413497081423,23.98413497081423,23.98413497081423,permissive
MDV,Maldives,S. Asia,Upper middle income,2016,6,random_forest,0.0,73.45887710641938,73.45887710641938,73.45887710641938,permissive
NPL,Nepal,S. Asia,Lower middle income,2013,6,random_forest,23.051,33.9227995699695,10.8717995699695,10.8717995699695,permissive
AFG,Afghanistan,S. Asia,Low income,2017,6,hist_gbr,59.3,13.847428056688939,45.45257194331106,-45.45257194331106,permissive
BTN,Bhutan,S. Asia,Lower middle income,2019,6,hist_gbr,66.0529174321769,39.42822601563246,26.624691416544437,-26.624691416544437,permissive
IND,India,S. Asia,Lower middle income,2020,6,hist_gbr,68.4,29.747642102315027,38.65235789768498,-38.65235789768498,permissive
LKA,Sri Lanka,S. Asia,Upper middle income,2016,6,hist_gbr,22.54,35.09699162878593,12.55699162878593,12.55699162878593,permissive
MDV,Maldives,S. Asia,Upper middle income,2016,6,hist_gbr,0.0,67.55742982566862,67.55742982566862,67.55742982566862,permissive
NPL,Nepal,S. Asia,Lower middle income,2013,6,hist_gbr,23.051,23.18479313686858,0.13379313686858296,0.13379313686858296,permissive
BFA,Burkina Faso,Sub-Saharan Africa,Low income,2009,7,dummy_mean,28.0,70.63832109603428,42.638321096034275,42.638321096034275,permissive
BWA,Botswana,Sub-Saharan Africa,Upper middle income,2017,7,dummy_mean,76.3232365145228,70.63832109603428,5.684915418488529,-5.684915418488529,permissive
CPV,Cabo Verde,Sub-Saharan Africa,Upper middle income,2013,7,dummy_mean,5.1,70.63832109603428,65.53832109603428,65.53832109603428,permissive
ETH,Ethiopia,Sub-Saharan Africa,Low income,2022,7,dummy_mean,38.18275977815001,70.63832109603428,32.45556131788427,32.45556131788427,permissive
GAB,Gabon,Sub-Saharan Africa,Upper middle income,2017,7,dummy_mean,56.00000000000001,70.63832109603428,14.638321096034268,14.638321096034268,permissive
GIN,Guinea,Sub-Saharan Africa,Lower middle income,2005,7,dummy_mean,5.0,70.63832109603428,65.63832109603428,65.63832109603428,permissive
GMB,"Gambia, The",Sub-Saharan Africa,Low income,2014,7,dummy_mean,83.6,70.63832109603428,12.96167890396572,-12.96167890396572,permissive
KEN,Kenya,Sub-Saharan Africa,Lower middle income,2021,7,dummy_mean,68.2393855962904,70.63832109603428,2.398935499743871,2.398935499743871,permissive
LBR,Liberia,Sub-Saharan Africa,Low income,2024,7,dummy_mean,0.0,70.63832109603428,70.63832109603428,70.63832109603428,permissive
MOZ,Mozambique,Sub-Saharan Africa,Low income,2017,7,dummy_mean,1.5,70.63832109603428,69.13832109603428,69.13832109603428,permissive
MRT,Mauritania,Sub-Saharan Africa,Lower middle income,2013,7,dummy_mean,45.3,70.63832109603428,25.338321096034278,25.338321096034278,permissive
MWI,Malawi,Sub-Saharan Africa,Low income,2022,7,dummy_mean,30.0,70.63832109603428,40.638321096034275,40.638321096034275,permissive
SEN,Senegal,Sub-Saharan Africa,Lower middle income,2014,7,dummy_mean,9.8,70.63832109603428,60.83832109603428,60.83832109603428,permissive
SWZ,Eswatini,Sub-Saharan Africa,Lower middle income,2017,7,dummy_mean,55.3530445873769,70.63832109603428,15.285276508657375,15.285276508657375,permissive
SYC,Seychelles,Sub-Saharan Africa,High income,2017,7,dummy_mean,84.4,70.63832109603428,13.76167890396573,-13.76167890396573,permissive
TZA,Tanzania,Sub-Saharan Africa,Lower middle income,2020,7,dummy_mean,7.5,70.63832109603428,63.138321096034275,63.138321096034275,permissive
ZAF,South Africa,Sub-Saharan Africa,Upper middle income,2023,7,dummy_mean,68.7,70.63832109603428,1.9383210960342723,1.9383210960342723,permissive
ZMB,Zambia,Sub-Saharan Africa,Lower middle income,2024,7,dummy_mean,6.0,70.63832109603428,64.63832109603428,64.63832109603428,permissive
BFA,Burkina Faso,Sub-Saharan Africa,Low income,2009,7,linear,28.0,0.0,28.0,-28.0,permissive
BWA,Botswana,Sub-Saharan Africa,Upper middle income,2017,7,linear,76.3232365145228,57.805873266806316,18.51736324771649,-18.51736324771649,permissive
CPV,Cabo Verde,Sub-Saharan Africa,Upper middle income,2013,7,linear,5.1,38.16389125812493,33.063891258124926,33.063891258124926,permissive
ETH,Ethiopia,Sub-Saharan Africa,Low income,2022,7,linear,38.18275977815001,11.409560214633046,26.77319956351696,-26.77319956351696,permissive
GAB,Gabon,Sub-Saharan Africa,Upper middle income,2017,7,linear,56.00000000000001,62.434607128164615,6.434607128164608,6.434607128164608,permissive
GIN,Guinea,Sub-Saharan Africa,Lower middle income,2005,7,linear,5.0,8.187152969926792,3.1871529699267924,3.1871529699267924,permissive
GMB,"Gambia, The",Sub-Saharan Africa,Low income,2014,7,linear,83.6,9.966984891618218,73.63301510838178,-73.63301510838178,permissive
KEN,Kenya,Sub-Saharan Africa,Lower middle income,2021,7,linear,68.2393855962904,29.568090828990833,38.67129476729957,-38.67129476729957,permissive
LBR,Liberia,Sub-Saharan Africa,Low income,2024,7,linear,0.0,0.0,0.0,0.0,permissive
MOZ,Mozambique,Sub-Saharan Africa,Low income,2017,7,linear,1.5,0.0,1.5,-1.5,permissive
MRT,Mauritania,Sub-Saharan Africa,Lower middle income,2013,7,linear,45.3,28.357400771861855,16.942599228138143,-16.942599228138143,permissive
MWI,Malawi,Sub-Saharan Africa,Low income,2022,7,linear,30.0,0.0,30.0,-30.0,permissive
SEN,Senegal,Sub-Saharan Africa,Lower middle income,2014,7,linear,9.8,18.204069814424486,8.404069814424485,8.404069814424485,permissive
SWZ,Eswatini,Sub-Saharan Africa,Lower middle income,2017,7,linear,55.3530445873769,43.12589827709335,12.227146310283551,-12.227146310283551,permissive
SYC,Seychelles,Sub-Saharan Africa,High income,2017,7,linear,84.4,75.18038631547262,9.219613684527388,-9.219613684527388,permissive
TZA,Tanzania,Sub-Saharan Africa,Lower middle income,2020,7,linear,7.5,17.972829504731358,10.472829504731358,10.472829504731358,permissive
ZAF,South Africa,Sub-Saharan Africa,Upper middle income,2023,7,linear,68.7,55.06894297759965,13.631057022400356,-13.631057022400356,permissive
ZMB,Zambia,Sub-Saharan Africa,Lower middle income,2024,7,linear,6.0,20.236082525551282,14.236082525551282,14.236082525551282,permissive
BFA,Burkina Faso,Sub-Saharan Africa,Low income,2009,7,ridge,28.0,0.0,28.0,-28.0,permissive
BWA,Botswana,Sub-Saharan Africa,Upper middle income,2017,7,ridge,76.3232365145228,57.820682826875064,18.50255368764774,-18.50255368764774,permissive
CPV,Cabo Verde,Sub-Saharan Africa,Upper middle income,2013,7,ridge,5.1,38.19929320142802,33.09929320142802,33.09929320142802,permissive
ETH,Ethiopia,Sub-Saharan Africa,Low income,2022,7,ridge,38.18275977815001,11.44082446740343,26.741935310746577,-26.741935310746577,permissive
GAB,Gabon,Sub-Saharan Africa,Upper middle income,2017,7,ridge,56.00000000000001,62.46041968611897,6.460419686118961,6.460419686118961,permissive
GIN,Guinea,Sub-Saharan Africa,Lower middle income,2005,7,ridge,5.0,8.231479524486787,3.2314795244867867,3.2314795244867867,permissive
GMB,"Gambia, The",Sub-Saharan Africa,Low income,2014,7,ridge,83.6,10.02826127963099,73.57173872036901,-73.57173872036901,permissive
KEN,Kenya,Sub-Saharan Africa,Lower middle income,2021,7,ridge,68.2393855962904,29.585853515609813,38.65353208068059,-38.65353208068059,permissive
LBR,Liberia,Sub-Saharan Africa,Low income,2024,7,ridge,0.0,0.0,0.0,0.0,permissive
MOZ,Mozambique,Sub-Saharan Africa,Low income,2017,7,ridge,1.5,0.0,1.5,-1.5,permissive
MRT,Mauritania,Sub-Saharan Africa,Lower middle income,2013,7,ridge,45.3,28.39303949995223,16.906960500047767,-16.906960500047767,permissive
MWI,Malawi,Sub-Saharan Africa,Low income,2022,7,ridge,30.0,0.0,30.0,-30.0,permissive
SEN,Senegal,Sub-Saharan Africa,Lower middle income,2014,7,ridge,9.8,18.24593576769574,8.44593576769574,8.44593576769574,permissive
SWZ,Eswatini,Sub-Saharan Africa,Lower middle income,2017,7,ridge,55.3530445873769,43.12616537428927,12.226879213087628,-12.226879213087628,permissive
SYC,Seychelles,Sub-Saharan Africa,High income,2017,7,ridge,84.4,75.16008109226827,9.239918907731735,-9.239918907731735,permissive
TZA,Tanzania,Sub-Saharan Africa,Lower middle income,2020,7,ridge,7.5,18.005479809667634,10.505479809667634,10.505479809667634,permissive
ZAF,South Africa,Sub-Saharan Africa,Upper middle income,2023,7,ridge,68.7,55.08136139220243,13.618638607797571,-13.618638607797571,permissive
ZMB,Zambia,Sub-Saharan Africa,Lower middle income,2024,7,ridge,6.0,20.275131775139997,14.275131775139997,14.275131775139997,permissive
BFA,Burkina Faso,Sub-Saharan Africa,Low income,2009,7,random_forest,28.0,28.497730447362624,0.49773044736262406,0.49773044736262406,permissive
BWA,Botswana,Sub-Saharan Africa,Upper middle income,2017,7,random_forest,76.3232365145228,49.69078395277784,26.632452561744962,-26.632452561744962,permissive
CPV,Cabo Verde,Sub-Saharan Africa,Upper middle income,2013,7,random_forest,5.1,33.89121351616583,28.791213516165826,28.791213516165826,permissive
ETH,Ethiopia,Sub-Saharan Africa,Low income,2022,7,random_forest,38.18275977815001,33.54541725906902,4.637342519080988,-4.637342519080988,permissive
GAB,Gabon,Sub-Saharan Africa,Upper middle income,2017,7,random_forest,56.00000000000001,71.40848622925974,15.40848622925973,15.40848622925973,permissive
GIN,Guinea,Sub-Saharan Africa,Lower middle income,2005,7,random_forest,5.0,21.69697506395817,16.69697506395817,16.69697506395817,permissive
GMB,"Gambia, The",Sub-Saharan Africa,Low income,2014,7,random_forest,83.6,29.453414950610764,54.14658504938923,-54.14658504938923,permissive
KEN,Kenya,Sub-Saharan Africa,Lower middle income,2021,7,random_forest,68.2393855962904,34.65947189903745,33.579913697252955,-33.579913697252955,permissive
LBR,Liberia,Sub-Saharan Africa,Low income,2024,7,random_forest,0.0,26.492653962671206,26.492653962671206,26.492653962671206,permissive
MOZ,Mozambique,Sub-Saharan Africa,Low income,2017,7,random_forest,1.5,31.908080452177487,30.408080452177487,30.408080452177487,permissive
MRT,Mauritania,Sub-Saharan Africa,Lower middle income,2013,7,random_forest,45.3,25.134319780746186,20.16568021925381,-20.16568021925381,permissive
MWI,Malawi,Sub-Saharan Africa,Low income,2022,7,random_forest,30.0,30.191846848834288,0.19184684883428815,0.19184684883428815,permissive
SEN,Senegal,Sub-Saharan Africa,Lower middle income,2014,7,random_forest,9.8,31.879049383710893,22.079049383710892,22.079049383710892,permissive
SWZ,Eswatini,Sub-Saharan Africa,Lower middle income,2017,7,random_forest,55.3530445873769,29.045299264644296,26.307745322732604,-26.307745322732604,permissive
SYC,Seychelles,Sub-Saharan Africa,High income,2017,7,random_forest,84.4,75.790666048097,8.609333951903011,-8.609333951903011,permissive
TZA,Tanzania,Sub-Saharan Africa,Lower middle income,2020,7,random_forest,7.5,35.51872235216649,28.018722352166492,28.018722352166492,permissive
ZAF,South Africa,Sub-Saharan Africa,Upper middle income,2023,7,random_forest,68.7,42.49384557912976,26.20615442087024,-26.20615442087024,permissive
ZMB,Zambia,Sub-Saharan Africa,Lower middle income,2024,7,random_forest,6.0,32.8501983931022,26.850198393102197,26.850198393102197,permissive
BFA,Burkina Faso,Sub-Saharan Africa,Low income,2009,7,hist_gbr,28.0,18.764799269048893,9.235200730951107,-9.235200730951107,permissive
BWA,Botswana,Sub-Saharan Africa,Upper middle income,2017,7,hist_gbr,76.3232365145228,45.94732634424021,30.375910170282594,-30.375910170282594,permissive
CPV,Cabo Verde,Sub-Saharan Africa,Upper middle income,2013,7,hist_gbr,5.1,22.30643480659272,17.206434806592718,17.206434806592718,permissive
ETH,Ethiopia,Sub-Saharan Africa,Low income,2022,7,hist_gbr,38.18275977815001,32.77326372319784,5.4094960549521645,-5.4094960549521645,permissive
GAB,Gabon,Sub-Saharan Africa,Upper middle income,2017,7,hist_gbr,56.00000000000001,74.47322323406607,18.47322323406606,18.47322323406606,permissive
GIN,Guinea,Sub-Saharan Africa,Lower middle income,2005,7,hist_gbr,5.0,21.372725682159604,16.372725682159604,16.372725682159604,permissive
GMB,"Gambia, The",Sub-Saharan Africa,Low income,2014,7,hist_gbr,83.6,31.504338719589686,52.09566128041031,-52.09566128041031,permissive
KEN,Kenya,Sub-Saharan Africa,Lower middle income,2021,7,hist_gbr,68.2393855962904,41.29287070234963,26.946514893940773,-26.946514893940773,permissive
LBR,Liberia,Sub-Saharan Africa,Low income,2024,7,hist_gbr,0.0,35.707183835005914,35.707183835005914,35.707183835005914,permissive
MOZ,Mozambique,Sub-Saharan Africa,Low income,2017,7,hist_gbr,1.5,20.22720867933814,18.72720867933814,18.72720867933814,permissive
MRT,Mauritania,Sub-Saharan Africa,Lower middle income,2013,7,hist_gbr,45.3,22.826477925669483,22.473522074330514,-22.473522074330514,permissive
MWI,Malawi,Sub-Saharan Africa,Low income,2022,7,hist_gbr,30.0,22.531650575310536,7.468349424689464,-7.468349424689464,permissive
SEN,Senegal,Sub-Saharan Africa,Lower middle income,2014,7,hist_gbr,9.8,24.48095384989655,14.68095384989655,14.68095384989655,permissive
SWZ,Eswatini,Sub-Saharan Africa,Lower middle income,2017,7,hist_gbr,55.3530445873769,25.195391154007837,30.157653433369063,-30.157653433369063,permissive
SYC,Seychelles,Sub-Saharan Africa,High income,2017,7,hist_gbr,84.4,74.11300793427355,10.286992065726452,-10.286992065726452,permissive
TZA,Tanzania,Sub-Saharan Africa,Lower middle income,2020,7,hist_gbr,7.5,41.018511008877105,33.518511008877105,33.518511008877105,permissive
ZAF,South Africa,Sub-Saharan Africa,Upper middle income,2023,7,hist_gbr,68.7,46.982045025390775,21.717954974609228,-21.717954974609228,permissive
ZMB,Zambia,Sub-Saharan Africa,Lower middle income,2024,7,hist_gbr,6.0,24.75531354336908,18.75531354336908,18.75531354336908,permissive
